State_Name,District_Name,crop_yield_tons,Area,Population,Demand,Surplus,Surplus_tons,Deficit_tons,Cluster,lat,lon
ANDAMAN AND NICOBAR,NICOBAR ISLANDS,500705457.25,151982.66,2719110,1359555.0,499345902.25,499345902.25,0.0,1,18.861663446573512,85.0183924226055
ANDAMAN AND NICOBAR,NORTH AND MIDDLE ANDAMAN,77415833.44,74509.95,2729084,1364542.0,76051291.44,76051291.44,0.0,1,35.57071488588757,89.61774475134557
ANDAMAN AND NICOBAR,SOUTH ANDAMAN,140101949.3,111403.46,2856330,1428165.0,138673784.3,138673784.3,0.0,1,29.227824312530746,80.5181268406607
Andhra Pradesh,ANANTAPUR,81501589.0,18473186.0,2192743,1096371.5,80405217.5,80405217.5,0.0,1,25.361096041714063,71.69982878107135
Andhra Pradesh,CHITTOOR,374136565.0,6105207.0,610268,305134.0,373831431.0,373831431.0,0.0,0,12.52454057283066,76.229501268163
Andhra Pradesh,EAST GODAVARI,8271057200.0,11598837.0,1232180,616090.0,8270441110.0,8270441110.0,0.0,2,12.523841089749876,78.52938659556042
Andhra Pradesh,GUNTUR,84795910.0,13744686.0,2734489,1367244.5,83428665.5,83428665.5,0.0,1,9.684424752877785,86.73159999861643
Andhra Pradesh,KRISHNA,369427800.0,11136420.0,2070006,1035003.0,368392797.0,368392797.0,0.0,2,33.11910822747312,84.55257083539844
Andhra Pradesh,KURNOOL,34949615.0,16968569.0,2503274,1251637.0,33697978.0,33697978.0,0.0,1,25.432335340553056,78.32680505103754
Andhra Pradesh,NELLORE,131423430.0,6201016.0,1636074,818037.0,130605393.0,130605393.0,0.0,2,28.53410475608532,96.6089422149964
Andhra Pradesh,PRAKASAM,37707602.0,9616506.0,2772355,1386177.5,36321424.5,36321424.5,0.0,1,8.59695033457827,85.56746976134973
Andhra Pradesh,SRIKAKULAM,2141620578.0,7108032.0,1739911,869955.5,2140750622.5,2140750622.5,0.0,2,36.12738571269784,74.87957696034384
Andhra Pradesh,VISAKHAPATNAM,1010411519.0,5647289.0,778167,389083.5,1010022435.5,1010022435.5,0.0,0,32.140836583212234,70.9516917059917
Andhra Pradesh,VIZIANAGARAM,474169560.0,6517408.0,2638242,1319121.0,472850439.0,472850439.0,0.0,1,14.157834209670009,72.43291503634563
Andhra Pradesh,WEST GODAVARI,4287726694.0,11207955.0,829365,414682.5,4287312011.5,4287312011.5,0.0,0,13.272924049005919,75.13277412315074
Andhra Pradesh,Y.S.R.,25662234.0,7220733.0,1287201,643600.5,25018633.5,25018633.5,0.0,2,13.31873078574958,72.65975982452711
Arunachal Pradesh,ANJAW,110806.33,94807.0,1870455,935227.5,-824421.17,0.0,824421.17,2,16.823025045826594,73.41044369748786
Arunachal Pradesh,CHANGLANG,642663.33,375872.0,2266891,1133445.5,-490782.17,0.0,490782.17,1,23.2179365173349,76.26775989212156
Arunachal Pradesh,DIBANG VALLEY,289128.66,182613.0,827069,413534.5,-124405.84000000004,0.0,124405.84000000004,0,20.526405540621358,73.02783426354789
Arunachal Pradesh,EAST KAMENG,281154.33,243857.0,2325573,1162786.5,-881632.1699999999,0.0,881632.1699999999,1,16.445645065743214,94.00619731416633
Arunachal Pradesh,EAST SIANG,972253.33,457601.0,1291743,645871.5,326381.83,326381.83,0.0,2,25.743733946949003,70.32677862418763
Arunachal Pradesh,KURUNG KUMEY,79234.33,58883.0,603355,301677.5,-222443.17,0.0,222443.17,0,12.045321958909213,83.21083029753738
Arunachal Pradesh,LOHIT,971599.33,590702.0,1762752,881376.0,90223.32999999996,90223.32999999996,0.0,2,16.472194807521326,79.90150798270018
Arunachal Pradesh,LONGDING,20731.0,14682.0,2781931,1390965.5,-1370234.5,0.0,1370234.5,1,18.62449345551706,96.48897989034958
Arunachal Pradesh,LOWER DIBANG VALLEY,688538.66,359833.0,1896025,948012.5,-259473.84,0.0,259473.84,2,21.226029542294043,71.24912816287352
Arunachal Pradesh,LOWER SUBANSIRI,431486.66,307503.0,1970485,985242.5,-553755.8400000001,0.0,553755.8400000001,2,30.770102880397395,79.53781237232651
Arunachal Pradesh,NAMSAI,794.0,119.0,1489436,744718.0,-743924.0,0.0,743924.0,2,13.790539682592431,96.1146425649857
Arunachal Pradesh,PAPUM PARE,468277.66,261285.0,1807371,903685.5,-435407.84,0.0,435407.84,2,22.912798713994736,93.09970665092543
Arunachal Pradesh,TAWANG,205454.33,96207.0,1417040,708520.0,-503065.67,0.0,503065.67,2,25.180022496999232,91.69509005752911
Arunachal Pradesh,TIRAP,231735.33,240498.0,2048762,1024381.0,-792645.67,0.0,792645.67,2,9.347061968879935,75.47918198430325
Arunachal Pradesh,UPPER SIANG,263004.0,193886.0,2753882,1376941.0,-1113937.0,0.0,1113937.0,1,25.618800705141712,72.9557400343119
Arunachal Pradesh,UPPER SUBANSIRI,268907.33,171244.0,2419486,1209743.0,-940835.67,0.0,940835.67,1,12.945199586931455,87.39065337780849
Arunachal Pradesh,WEST KAMENG,203140.66,119602.0,1154811,577405.5,-374264.84,0.0,374264.84,0,9.886496196573106,94.95190368469999
Arunachal Pradesh,WEST SIANG,695003.33,595152.0,1027035,513517.5,181485.83,181485.83,0.0,0,35.51768058034666,84.14612389740397
Assam,BAKSA,56104604.0,1679446.0,1148143,574071.5,55530532.5,55530532.5,0.0,0,36.00332895916222,84.57676799462709
Assam,BARPETA,118616088.0,4773687.0,2000942,1000471.0,117615617.0,117615617.0,0.0,2,31.443523095377373,76.11939371614824
Assam,BONGAIGAON,52321774.0,2298257.0,565725,282862.5,52038911.5,52038911.5,0.0,0,16.83379930602775,90.31529506256618
Assam,CACHAR,53508182.0,2611807.0,584654,292327.0,53215855.0,53215855.0,0.0,0,10.832491306185133,73.42426870816817
Assam,CHIRANG,15943244.0,958879.0,1453277,726638.5,15216605.5,15216605.5,0.0,2,27.84275776885255,77.38669785572307
Assam,DARRANG,64738601.0,3372761.0,2454354,1227177.0,63511424.0,63511424.0,0.0,1,20.76442231844844,80.3376567198761
Assam,DHEMAJI,9837154.0,2104718.0,2916182,1458091.0,8379063.0,8379063.0,0.0,1,11.539108810498586,82.72070098184919
Assam,DHUBRI,50428246.0,3456009.0,2870690,1435345.0,48992901.0,48992901.0,0.0,1,22.360130393226836,75.02988224003732
Assam,DIBRUGARH,8572376.0,2009074.0,2928388,1464194.0,7108182.0,7108182.0,0.0,1,8.997267112341333,71.3302679174369
Assam,DIMA HASAO,6546827.0,612254.0,1028178,514089.0,6032738.0,6032738.0,0.0,0,34.37029166028468,85.70798123080735
Assam,GOALPARA,58900173.0,2189396.0,1805416,902708.0,57997465.0,57997465.0,0.0,2,15.504619466400491,76.37028604396741
Assam,GOLAGHAT,147643808.0,2664800.0,2946609,1473304.5,146170503.5,146170503.5,0.0,1,27.213146246265477,84.85590842125575
Assam,HAILAKANDI,12262150.0,1182898.0,1965689,982844.5,11279305.5,11279305.5,0.0,2,17.03962120659292,72.47651874295187
Assam,JORHAT,49281318.0,2453418.0,568148,284074.0,48997244.0,48997244.0,0.0,0,23.081972614156513,81.95306295378971
Assam,KAMRUP,244571241.0,3870417.0,2325665,1162832.5,243408408.5,243408408.5,0.0,1,23.85459810095511,83.445093543996
Assam,KAMRUP METROPOLITAN,10107030.0,438719.0,756508,378254.0,9728776.0,9728776.0,0.0,0,13.360779210240285,69.50288256785038
Assam,KARBI ANGLONG,36476763.0,3714635.0,1303591,651795.5,35824967.5,35824967.5,0.0,2,36.1179542051722,77.7615240676237
Assam,KARIMGANJ,39450338.0,1802158.0,1396942,698471.0,38751867.0,38751867.0,0.0,2,30.478851877472323,71.89802563123025
Assam,KOKRAJHAR,34600448.0,3033725.0,2703682,1351841.0,33248607.0,33248607.0,0.0,1,35.24546930536148,69.83787414371027
Assam,LAKHIMPUR,31848894.0,3536152.0,1104365,552182.5,31296711.5,31296711.5,0.0,0,33.94999316240182,96.70884673930841
Assam,MORIGAON,104665610.0,2388704.0,2370928,1185464.0,103480146.0,103480146.0,0.0,1,25.339099385521468,77.34826150426697
Assam,NAGAON,519185225.0,6002631.0,2273415,1136707.5,518048517.5,518048517.5,0.0,1,34.73435281567039,91.48635892978442
Assam,NALBARI,135696812.0,2876077.0,2555555,1277777.5,134419034.5,134419034.5,0.0,1,10.566282559505666,75.38457898814914
Assam,SIVASAGAR,57355397.0,2352478.0,1305889,652944.5,56702452.5,56702452.5,0.0,2,13.68350301015521,87.76357894449396
Assam,SONITPUR,163224000.0,4624515.0,2008349,1004174.5,162219825.5,162219825.5,0.0,2,9.311591378405604,90.04660793680091
Assam,TINSUKIA,7463486.0,1765601.0,2805413,1402706.5,6060779.5,6060779.5,0.0,1,17.434579592134668,85.27352347762749
Assam,UDALGURI,22401970.0,1605542.0,1863715,931857.5,21470112.5,21470112.5,0.0,2,19.27164140099498,81.67570946795459
Bihar,ARARIA,12438271.77,4769634.0,1720405,860202.5,11578069.27,11578069.27,0.0,2,15.869121921442982,79.94338651027078
Bihar,ARWAL,1095355.66,526827.0,771836,385918.0,709437.6599999999,709437.6599999999,0.0,0,32.03338776540595,78.11717972974687
Bihar,AURANGABAD,9347487.0,4608694.0,2595505,1297752.5,8049734.5,8049734.5,0.0,1,18.34584647411409,94.95634518318695
Bihar,BANKA,6945406.43,2795174.0,2799435,1399717.5,5545688.93,5545688.93,0.0,1,16.147100780934043,92.08796282584414
Bihar,BEGUSARAI,8081681.0,2871668.0,696769,348384.5,7733296.5,7733296.5,0.0,0,23.738186411589204,95.98578040932887
Bihar,BHAGALPUR,8386744.88,2818564.0,1771741,885870.5,7500874.38,7500874.38,0.0,2,12.086802524268116,71.6046194810808
Bihar,BHOJPUR,8679214.32,3700264.0,1546797,773398.5,7905815.82,7905815.82,0.0,2,31.26371244186715,89.19515678090568
Bihar,BUXAR,7361946.66,2966433.0,2084398,1042199.0,6319747.66,6319747.66,0.0,2,10.161968666713353,95.2118732478101
Bihar,DARBHANGA,5669562.0,3287178.0,1064685,532342.5,5137219.5,5137219.5,0.0,0,36.619721161415,73.25575891880415
Bihar,GAYA,7181309.43,3453436.0,1902107,951053.5,6230255.93,6230255.93,0.0,2,30.395098309603064,69.92839175363655
Bihar,GOPALGANJ,21677802.21,3828937.0,1811736,905868.0,20771934.21,20771934.21,0.0,2,13.762754764491,89.49249882941172
Bihar,JAMUI,2225571.0,1210639.0,1507293,753646.5,1471924.5,1471924.5,0.0,2,8.16014139658447,84.65972028221745
Bihar,JEHANABAD,3873613.22,1884002.0,1079879,539939.5,3333673.72,3333673.72,0.0,0,31.64838142519019,92.41303452598989
Bihar,KAIMUR,8165410.0,3517072.0,523247,261623.5,7903786.5,7903786.5,0.0,0,28.498862971580895,72.0533989221624
Bihar,KATIHAR,13892001.88,4379106.0,1572876,786438.0,13105563.88,13105563.88,0.0,2,29.14120787318863,91.06275204393681
Bihar,KHAGARIA,5364334.1,2227570.0,1822905,911452.5,4452881.6,4452881.6,0.0,2,30.366840053892428,73.8471922813846
Bihar,KISHANGANJ,6912083.0,2765209.0,2267640,1133820.0,5778263.0,5778263.0,0.0,1,10.147294900288621,72.74602234310544
Bihar,LAKHISARAI,2464858.0,1411603.0,1785160,892580.0,1572278.0,1572278.0,0.0,2,18.395506127783904,72.7637081399988
Bihar,MADHEPURA,9074358.43,3491054.0,2110908,1055454.0,8018904.43,8018904.43,0.0,2,11.360202726228762,91.62266688671008
Bihar,MADHUBANI,7033286.77,5116248.0,2386222,1193111.0,5840175.77,5840175.77,0.0,1,33.02999935039222,87.2907194001898
Bihar,MUNGER,1855855.0,1016067.0,1478732,739366.0,1116489.0,1116489.0,0.0,2,26.07564567799918,83.16889731830446
Bihar,MUZAFFARPUR,9983589.44,5203914.0,1925472,962736.0,9020853.44,9020853.44,0.0,2,17.596042720726828,78.40608403958157
Bihar,NALANDA,6825921.65,3717693.0,548984,274492.0,6551429.65,6551429.65,0.0,0,9.843192158294686,93.43881568358015
Bihar,NAWADA,4460467.77,2322192.0,2900070,1450035.0,3010432.77,3010432.77,0.0,1,17.018487329754205,79.38090811525643
Bihar,PASHCHIM CHAMPARAN,66106851.0,6423011.0,2861864,1430932.0,64675919.0,64675919.0,0.0,1,17.430316338775665,91.68138374467574
Bihar,PATNA,8156253.55,3743101.0,2004384,1002192.0,7154061.55,7154061.55,0.0,2,29.158579171803858,80.73491234853634
Bihar,PURBA CHAMPARAN,18003519.2,6189389.0,2533643,1266821.5,16736697.7,16736697.7,0.0,1,26.48916666930118,78.93138845332231
Bihar,PURNIA,11997765.0,4527433.0,2730919,1365459.5,10632305.5,10632305.5,0.0,1,33.72916953471347,81.41771378441858
Bihar,ROHTAS,15694728.0,6004668.0,2252126,1126063.0,14568665.0,14568665.0,0.0,1,21.69423282969653,76.73995835076012
Bihar,SAHARSA,6589021.88,3476308.0,636330,318165.0,6270856.88,6270856.88,0.0,0,11.468233132210749,89.68067202511128
Bihar,SAMASTIPUR,10370733.77,4100319.0,2237095,1118547.5,9252186.27,9252186.27,0.0,1,28.684098829466855,82.57889131268189
Bihar,SARAN,8009890.33,3758389.0,2611138,1305569.0,6704321.33,6704321.33,0.0,1,30.062766409890024,74.7341681592577
Bihar,SHEIKHPURA,1904468.0,936125.0,1086146,543073.0,1361395.0,1361395.0,0.0,0,24.27703872951539,94.08766262496249
Bihar,SHEOHAR,2507737.0,755001.0,2609818,1304909.0,1202828.0,1202828.0,0.0,1,30.358048218682267,79.13284541982313
Bihar,SITAMARHI,12206125.99,3343039.0,2731785,1365892.5,10840233.49,10840233.49,0.0,1,22.320072294567332,83.76303297230567
Bihar,SIWAN,10513794.55,4126779.0,788998,394499.0,10119295.55,10119295.55,0.0,0,23.159252052077825,94.28769121797185
Bihar,SUPAUL,9338647.55,4140663.0,2343400,1171700.0,8166947.550000001,8166947.550000001,0.0,1,20.39868953239794,86.10290188150577
Bihar,VAISHALI,6087929.22,2858628.0,1579111,789555.5,5298373.72,5298373.72,0.0,2,8.737154675578761,71.39004318054256
Chandigarh,CHANDIGARH,63956.5,12522.0,1496107,748053.5,-684097.0,0.0,684097.0,2,11.128851382805829,95.25513158479077
Chhattisgarh,BALOD,1497862.0,1011463.0,851279,425639.5,1072222.5,1072222.5,0.0,0,8.911446384915294,86.20353353907112
Chhattisgarh,BALODA BAZAR,1515473.0,1114787.0,2370230,1185115.0,330358.0,330358.0,0.0,1,26.45590192664963,77.71226282505549
Chhattisgarh,BALRAMPUR,3060003.0,750966.0,989570,494785.0,2565218.0,2565218.0,0.0,0,17.116323451213475,72.03889010723823
Chhattisgarh,BASTAR,5122251.0,4424812.0,2550731,1275365.5,3846885.5,3846885.5,0.0,1,22.74855004377638,91.02673048883858
Chhattisgarh,BEMETARA,1701876.0,1351176.0,1821685,910842.5,791033.5,791033.5,0.0,2,34.31942774385669,85.98210992192689
Chhattisgarh,BIJAPUR,749335.0,579712.0,2621690,1310845.0,-561510.0,0.0,561510.0,1,15.229474645317374,83.47037166731333
Chhattisgarh,BILASPUR,7687790.0,6257537.0,2798816,1399408.0,6288382.0,6288382.0,0.0,1,19.901104768033264,93.92288490847777
Chhattisgarh,DANTEWADA,2979548.0,3098994.0,991234,495617.0,2483931.0,2483931.0,0.0,0,29.91098301774841,90.8693191255114
Chhattisgarh,DHAMTARI,5251506.0,3095862.0,2448260,1224130.0,4027376.0,4027376.0,0.0,1,14.63514679925705,72.39857151224979
Chhattisgarh,DURG,9789135.0,8867597.0,639182,319591.0,9469544.0,9469544.0,0.0,0,10.232417385034996,77.0399399660709
Chhattisgarh,GARIABAND,879244.0,642917.0,2021101,1010550.5,-131306.5,0.0,131306.5,2,16.402792134499272,75.20618505461951
Chhattisgarh,JANJGIR-CHAMPA,8283448.0,4469795.0,1706914,853457.0,7429991.0,7429991.0,0.0,2,12.675417330366129,89.57444248460763
Chhattisgarh,JASHPUR,3928596.0,3843046.0,684064,342032.0,3586564.0,3586564.0,0.0,0,34.96123191793462,68.9724406073376
Chhattisgarh,KABEERDHAM,3148969.0,3497781.0,714020,357010.0,2791959.0,2791959.0,0.0,0,31.435491007368093,84.52680086126819
Chhattisgarh,KONDAGAON,808794.0,536889.0,2472990,1236495.0,-427701.0,0.0,427701.0,1,26.368708938802282,90.11130188648002
Chhattisgarh,KORBA,2117433.0,2101243.0,1397421,698710.5,1418722.5,1418722.5,0.0,2,33.27235711544381,93.42620346609073
Chhattisgarh,KORIYA,1674326.0,1745150.0,2194490,1097245.0,577081.0,577081.0,0.0,1,31.30649023007432,77.92037071276131
Chhattisgarh,MAHASAMUND,5418982.01,4368489.0,1667752,833876.0,4585106.01,4585106.01,0.0,2,13.41053170769504,91.81646183548837
Chhattisgarh,MUNGELI,1221231.0,854023.0,2816121,1408060.5,-186829.5,0.0,186829.5,1,33.88421095620936,71.208320371701
Chhattisgarh,NARAYANPUR,339918.0,312583.0,622409,311204.5,28713.5,28713.5,0.0,0,23.64092501555387,92.54711646030103
Chhattisgarh,RAIGARH,4968518.0,4480146.0,2516716,1258358.0,3710160.0,3710160.0,0.0,1,31.415764499757813,71.69717120762749
Chhattisgarh,RAIPUR,9327744.0,7980077.0,2850770,1425385.0,7902359.0,7902359.0,0.0,1,33.98664769778131,79.52133142625065
Chhattisgarh,RAJNANDGAON,6537833.0,6547485.0,1269598,634799.0,5903034.0,5903034.0,0.0,0,17.222100774184053,91.12156560760705
Chhattisgarh,SUKMA,655516.0,390855.0,1598591,799295.5,-143779.5,0.0,143779.5,2,11.191505811302626,72.34760539311443
Chhattisgarh,SURAJPUR,976321.0,689058.0,1374371,687185.5,289135.5,289135.5,0.0,2,14.610119713716308,74.6482904617466
Chhattisgarh,SURGUJA,6504140.0,6695114.0,1959933,979966.5,5524173.5,5524173.5,0.0,2,20.386125870161433,88.94532448339892
Chhattisgarh,UTTAR BASTAR KANKER,4806116.0,3332107.0,1654454,827227.0,3978889.0,3978889.0,0.0,2,31.7224282117523,88.88105955983616
Dadra and Nagar Haveli,DADRA AND NAGAR HAVELI,1847871.0,396515.0,1473548,736774.0,1111097.0,1111097.0,0.0,2,32.96118691443396,86.59328135367362
Goa,NORTH GOA,222959694.77,727169.1,1713475,856737.5,222102957.27,222102957.27,0.0,2,8.20161178540453,88.1245048895459
Goa,SOUTH GOA,282796062.81,478511.4,2521900,1260950.0,281535112.81,281535112.81,0.0,1,22.811671774749406,83.7390088570803
Gujarat,AHMADABAD,13225448.0,8072200.0,1499238,749619.0,12475829.0,12475829.0,0.0,2,20.104919091314592,75.30217270830163
Gujarat,AMRELI,17046836.0,8780100.0,2428434,1214217.0,15832619.0,15832619.0,0.0,1,14.441126503651176,78.02518381161366
Gujarat,ANAND,12681000.0,2657600.0,879989,439994.5,12241005.5,12241005.5,0.0,0,11.4760956526768,73.26633378724135
Gujarat,BANAS KANTHA,25292383.0,12636500.0,543585,271792.5,25020590.5,25020590.5,0.0,0,17.79083997070521,94.34506627867522
Gujarat,BHARUCH,36002606.0,5402700.0,1919945,959972.5,35042633.5,35042633.5,0.0,2,35.344381413463054,84.91836204821749
Gujarat,BHAVNAGAR,27238887.0,9200300.0,2661196,1330598.0,25908289.0,25908289.0,0.0,1,17.3728850286019,79.62469108614556
Gujarat,DAHOD,4009300.0,3039700.0,609556,304778.0,3704522.0,3704522.0,0.0,0,23.044928030557617,81.39816830567985
Gujarat,GANDHINAGAR,5913907.0,1840200.0,2075557,1037778.5,4876128.5,4876128.5,0.0,2,28.38754980796016,95.47121684874264
Gujarat,JAMNAGAR,19007221.0,10244800.0,2561083,1280541.5,17726679.5,17726679.5,0.0,1,18.545258468999528,72.44719069036633
Gujarat,JUNAGADH,34974186.0,10788100.0,700235,350117.5,34624068.5,34624068.5,0.0,0,36.18168039890786,85.00066512848713
Gujarat,KACHCHH,10898807.0,7860300.0,2623091,1311545.5,9587261.5,9587261.5,0.0,1,35.910971553321225,82.6707716876495
Gujarat,KHEDA,15924353.0,6564624.0,2509021,1254510.5,14669842.5,14669842.5,0.0,1,15.301686578935561,85.73217282760478
Gujarat,MAHESANA,13288803.0,6941600.0,1701482,850741.0,12438062.0,12438062.0,0.0,2,22.42020667087918,68.52519533080438
Gujarat,NARMADA,8928300.0,1147500.0,1042335,521167.5,8407132.5,8407132.5,0.0,0,16.725470984686318,93.29159335938039
Gujarat,NAVSARI,18613800.0,972700.0,575766,287883.0,18325917.0,18325917.0,0.0,0,16.260374336946562,95.03143019202476
Gujarat,PANCH MAHALS,7189158.0,5829500.0,2984413,1492206.5,5696951.5,5696951.5,0.0,1,9.06972147328145,84.38886232408706
Gujarat,PATAN,4569800.0,3305400.0,2201240,1100620.0,3469180.0,3469180.0,0.0,1,25.67736568541701,88.20287389242988
Gujarat,PORBANDAR,2829000.0,1304900.0,1484346,742173.0,2086827.0,2086827.0,0.0,2,22.577691673636984,94.75248205414158
Gujarat,RAJKOT,29490836.0,13050900.0,2003165,1001582.5,28489253.5,28489253.5,0.0,2,9.492883786249692,88.50992039508856
Gujarat,SABAR KANTHA,16104621.0,8292100.0,2735000,1367500.0,14737121.0,14737121.0,0.0,1,16.08074746286173,72.42363224451358
Gujarat,SURAT,133488988.0,4612900.0,627948,313974.0,133175014.0,133175014.0,0.0,0,34.339710693032956,84.71236244483758
Gujarat,SURENDRANAGAR,18464352.0,10635000.0,2127880,1063940.0,17400412.0,17400412.0,0.0,2,14.947294829342201,85.59473634510282
Gujarat,TAPI,5086700.0,657600.0,902690,451345.0,4635355.0,4635355.0,0.0,0,12.20195129064547,80.29978946776919
Gujarat,THE DANGS,1065053.0,887200.0,999046,499523.0,565530.0,565530.0,0.0,0,22.194130048049328,89.35688283311697
Gujarat,VADODARA,20563636.0,8206800.0,521959,260979.5,20302656.5,20302656.5,0.0,0,36.58386316920742,95.09664342830143
Gujarat,VALSAD,22393356.0,2012800.0,2298792,1149396.0,21243960.0,21243960.0,0.0,1,15.019602873833513,94.84148687429652
Haryana,AMBALA,21956067.0,2930042.0,2454109,1227054.5,20729012.5,20729012.5,0.0,1,27.49193087477048,81.07434177071983
Haryana,BHIWANI,18687009.0,9867975.0,2338756,1169378.0,17517631.0,17517631.0,0.0,1,30.08696884453281,71.2839033293819
Haryana,FARIDABAD,11316830.0,2458792.0,728576,364288.0,10952542.0,10952542.0,0.0,0,14.89148877577959,96.5603947699077
Haryana,FATEHABAD,23991132.0,6030005.0,2762990,1381495.0,22609637.0,22609637.0,0.0,1,29.11827410974393,92.32804450693209
Haryana,GURGAON,7660830.0,2898675.0,1884250,942125.0,6718705.0,6718705.0,0.0,2,18.665710848858346,71.61521775489474
Haryana,HISAR,27998673.0,8546960.0,561087,280543.5,27718129.5,27718129.5,0.0,0,26.336869087213806,94.7044145959038
Haryana,JHAJJAR,10345761.0,3468692.0,1513343,756671.5,9589089.5,9589089.5,0.0,2,26.372361612065948,93.22699449980172
Haryana,JIND,26426225.0,6631678.0,2582263,1291131.5,25135093.5,25135093.5,0.0,1,23.537465838167996,83.0463036566561
Haryana,KAITHAL,22541997.0,5542074.0,2715603,1357801.5,21184195.5,21184195.5,0.0,1,10.618403331577841,85.14698763660294
Haryana,KARNAL,30500243.0,5624636.0,1996176,998088.0,29502155.0,29502155.0,0.0,2,32.2237723720879,79.57107841223377
Haryana,KURUKSHETRA,30001207.0,3994271.0,2386013,1193006.5,28808200.5,28808200.5,0.0,1,17.30262188418034,69.58808752583892
Haryana,MAHENDRAGARH,7403935.0,3825204.0,939792,469896.0,6934039.0,6934039.0,0.0,0,13.409036801595771,77.72072000773113
Haryana,MEWAT,3576389.0,1243832.0,539353,269676.5,3306712.5,3306712.5,0.0,0,9.182479105088154,91.28275000934234
Haryana,PALWAL,3374667.0,757626.0,2790227,1395113.5,1979553.5,1979553.5,0.0,1,25.135895352459013,68.13432866713349
Haryana,PANCHKULA,2252402.0,616671.0,565318,282659.0,1969743.0,1969743.0,0.0,0,27.64936649342619,77.67147597904318
Haryana,PANIPAT,14713854.0,2650359.0,1265313,632656.5,14081197.5,14081197.5,0.0,0,8.481047038907828,79.54689211413735
Haryana,REWARI,6481851.0,2729963.0,2031266,1015633.0,5466218.0,5466218.0,0.0,2,22.85069869067915,83.58447248519977
Haryana,ROHTAK,17342722.0,3340964.0,916880,458440.0,16884282.0,16884282.0,0.0,0,14.5683774807402,94.67581287597005
Haryana,SIRSA,32275692.0,9389899.0,1270746,635373.0,31640319.0,31640319.0,0.0,0,26.710010921874044,78.04403383661287
Haryana,SONIPAT,22287785.0,4126875.0,1313168,656584.0,21631201.0,21631201.0,0.0,2,13.05662644114475,78.06164285499061
Haryana,YAMUNANAGAR,40138619.0,2922113.0,725281,362640.5,39775978.5,39775978.5,0.0,0,28.037194404971512,89.3875361951827
Himachal Pradesh,BILASPUR,1145443.1,675623.0,1900804,950402.0,195041.1000000001,195041.1000000001,0.0,2,19.215325042715584,81.11432028580441
Himachal Pradesh,CHAMBA,1305515.1,740725.0,1980415,990207.5,315307.6000000001,315307.6000000001,0.0,2,35.1651696733653,74.51353986525947
Himachal Pradesh,HAMIRPUR,1259248.0,828338.0,769536,384768.0,874480.0,874480.0,0.0,0,11.988107380233805,81.12074596784811
Himachal Pradesh,KANGRA,3525403.0,2429296.0,2914976,1457488.0,2067915.0,2067915.0,0.0,1,17.890924180457496,72.0848535910142
Himachal Pradesh,KINNAUR,69751.0,54419.0,1806002,903001.0,-833250.0,0.0,833250.0,2,11.290732115977082,73.11522260868048
Himachal Pradesh,KULLU,1187090.0,608547.0,677789,338894.5,848195.5,848195.5,0.0,0,34.81611493007832,82.45266540944492
Himachal Pradesh,LAHUL & SPITI,239200.0,32982.0,2061729,1030864.5,-791664.5,0.0,791664.5,2,33.44284124804845,80.14883803563188
Himachal Pradesh,MANDI,3373492.2,1754802.0,1337291,668645.5,2704846.7,2704846.7,0.0,2,15.480307203739512,94.53053113097491
Himachal Pradesh,SHIMLA,1119895.1,587592.0,2722809,1361404.5,-241509.3999999999,0.0,241509.3999999999,1,27.139537334991193,78.50942307438235
Himachal Pradesh,SIRMAUR,1822179.1,798179.0,1783743,891871.5,930307.6,930307.6,0.0,2,31.69944380583526,84.83706215806326
Himachal Pradesh,SOLAN,1223348.0,683378.0,1181669,590834.5,632513.5,632513.5,0.0,0,24.100823536384407,86.33566434966639
Himachal Pradesh,UNA,1534604.0,809997.0,1619043,809521.5,725082.5,725082.5,0.0,2,23.35986677232419,68.37973924106167
JAMMU AND KASHMIR,ANANTNAG,1029563.4,757870.0,2706903,1353451.5,-323888.1,0.0,323888.1,1,15.0137164361131,87.24258378848461
JAMMU AND KASHMIR,BADGAM,567807.5,465858.0,1929626,964813.0,-397005.5,0.0,397005.5,2,10.699980266371078,73.16304303922279
JAMMU AND KASHMIR,BANDIPORE,62557.3,35709.0,2241093,1120546.5,-1057989.2,0.0,1057989.2,1,34.019256980646475,95.8710392066142
JAMMU AND KASHMIR,BARAMULLA,747909.7,647708.0,2965604,1482802.0,-734892.3,0.0,734892.3,1,34.11212365773658,72.31121910484028
JAMMU AND KASHMIR,DODA,664129.7000000001,657503.0,2518163,1259081.5,-594951.7999999999,0.0,594951.7999999999,1,26.35994226092477,80.02409958808369
JAMMU AND KASHMIR,GANDERBAL,45524.3,28175.0,606081,303040.5,-257516.2,0.0,257516.2,0,17.83186394041232,70.47514037428067
JAMMU AND KASHMIR,JAMMU,2699229.8,1717233.0,2161909,1080954.5,1618275.2999999998,1618275.2999999998,0.0,1,18.127077663767167,96.90935330353247
JAMMU AND KASHMIR,KARGIL,26793.8,34744.0,610078,305039.0,-278245.2,0.0,278245.2,0,29.052714687236943,82.56365529960604
JAMMU AND KASHMIR,KATHUA,1646445.8,1082323.0,2415631,1207815.5,438630.3000000001,438630.3000000001,0.0,1,34.01619753862474,85.26616550228127
JAMMU AND KASHMIR,KISHTWAR,35664.2,44414.0,2619823,1309911.5,-1274247.3,0.0,1274247.3,1,33.725506303688405,69.94521784426439
JAMMU AND KASHMIR,KULGAM,84849.8,58536.0,1966976,983488.0,-898638.2,0.0,898638.2,2,30.616390829871094,89.74885364157615
JAMMU AND KASHMIR,KUPWARA,350861.2,389733.0,1904104,952052.0,-601190.8,0.0,601190.8,2,26.618917738474345,74.08726219977198
JAMMU AND KASHMIR,LEH (LADAKH),36461.5,42754.0,2508187,1254093.5,-1217632.0,0.0,1217632.0,1,10.440058984856416,94.0435743937807
JAMMU AND KASHMIR,POONCH,778623.0,414425.0,2159066,1079533.0,-300910.0,0.0,300910.0,2,12.6872327087438,73.94904957397821
JAMMU AND KASHMIR,PULWAMA,600475.8,506359.0,2648815,1324407.5,-723931.7,0.0,723931.7,1,34.0580714672853,73.52994389924633
JAMMU AND KASHMIR,RAJOURI,1741323.9,918907.0,811955,405977.5,1335346.4,1335346.4,0.0,0,25.58644273012811,69.05994036759475
JAMMU AND KASHMIR,RAMBAN,47335.2,57293.0,2709699,1354849.5,-1307514.3,0.0,1307514.3,1,8.26671449688226,81.68994140818998
JAMMU AND KASHMIR,REASI,112587.7,91231.0,1410681,705340.5,-592752.8,0.0,592752.8,2,10.942674743114932,84.38039286461589
JAMMU AND KASHMIR,SAMBA,230085.4,134363.0,2107618,1053809.0,-823723.6,0.0,823723.6,2,27.24155130413362,69.90555054342222
JAMMU AND KASHMIR,SHUPIYAN,15614.0,13349.0,642483,321241.5,-305627.5,0.0,305627.5,0,8.146785931540341,90.4903008841553
JAMMU AND KASHMIR,SRINAGAR,299712.4,166094.0,2533350,1266675.0,-966962.6,0.0,966962.6,1,12.663433491107462,81.1453762076928
JAMMU AND KASHMIR,UDHAMPUR,1467460.3,1000042.0,2811987,1405993.5,61466.80000000005,61466.80000000005,0.0,1,23.913279891631,83.20731781049982
Jharkhand,BOKARO,176086.42,158752.24,901896,450948.0,-274861.58,0.0,274861.58,0,28.064960733088103,80.78211966120861
Jharkhand,CHATRA,315837.42,227214.36,2682048,1341024.0,-1025186.58,0.0,1025186.58,1,26.906876525575417,79.62212876538445
Jharkhand,DEOGHAR,480747.44,360571.62,977095,488547.5,-7800.059999999998,0.0,7800.059999999998,0,14.503809974356233,84.22956960793832
Jharkhand,DHANBAD,198259.74,146777.75,571295,285647.5,-87387.76000000001,0.0,87387.76000000001,0,28.65319741907854,72.50196713199067
Jharkhand,DUMKA,771674.67,536445.11,1243974,621987.0,149687.67000000004,149687.67000000004,0.0,0,14.880223537407202,73.27591578436287
Jharkhand,GARHWA,271651.18,265661.78,1387121,693560.5,-421909.32,0.0,421909.32,2,17.436591246618764,92.99178300939201
Jharkhand,GIRIDIH,630942.73,450185.26,1556731,778365.5,-147422.77000000002,0.0,147422.77000000002,2,29.6482507484227,95.43734840187535
Jharkhand,GODDA,510867.25,365560.81,1325816,662908.0,-152040.75,0.0,152040.75,2,26.839354072369225,78.82597017211283
Jharkhand,GUMLA,659465.63,808764.5800000001,874705,437352.5,222113.13,222113.13,0.0,0,32.627478904331156,75.85159552116306
Jharkhand,HAZARIBAGH,776499.3,419631.24,2356926,1178463.0,-401963.7,0.0,401963.7,1,27.070773876709957,86.67598675393145
Jharkhand,JAMTARA,235081.88,186450.78,2158845,1079422.5,-844340.62,0.0,844340.62,2,24.480949496728677,79.85329096184479
Jharkhand,KHUNTI,5024.0,1718.0,2526793,1263396.5,-1258372.5,0.0,1258372.5,1,10.716568267014683,68.73620431415
Jharkhand,KODARMA,150303.56,102444.76,1054594,527297.0,-376993.44,0.0,376993.44,0,18.66375828872357,72.52842532361952
Jharkhand,LATEHAR,202088.44,179382.76,647718,323859.0,-121770.56,0.0,121770.56,0,15.690868662770038,88.76319463657453
Jharkhand,LOHARDAGA,417571.4,259476.15,1145263,572631.5,-155060.09999999998,0.0,155060.09999999998,0,15.075699657993423,87.10879431539439
Jharkhand,PAKUR,820544.06,686970.82,2704664,1352332.0,-531787.94,0.0,531787.94,1,36.21730608782092,68.78578378260102
Jharkhand,PALAMU,492896.04,441312.66,647443,323721.5,169174.53999999998,169174.53999999998,0.0,0,19.39983401533605,74.43719269605553
Jharkhand,PASHCHIMI SINGHBHUM,590076.0599999999,770914.98,2019163,1009581.5,-419505.44000000006,0.0,419505.44000000006,2,33.86935010013629,74.70116910105406
Jharkhand,PURBI SINGHBHUM,677900.61,780464.0,873616,436808.0,241092.61,241092.61,0.0,0,26.303020153920624,87.48488956436313
Jharkhand,RAMGARH,5472.0,1669.0,1186976,593488.0,-588016.0,0.0,588016.0,0,31.049527802707804,68.57160559487656
Jharkhand,RANCHI,1420154.27,1228780.27,1914447,957223.5,462930.77,462930.77,0.0,2,22.576475700050572,71.01914887755264
Jharkhand,SAHIBGANJ,259210.55,268726.98,2972189,1486094.5,-1226883.95,0.0,1226883.95,1,24.730212654164415,91.1975664758225
Jharkhand,SARAIKELA-KHARSAWAN,369123.38,333181.02,617796,308898.0,60225.380000000005,60225.380000000005,0.0,0,22.283013120747054,73.17779519957567
Jharkhand,SIMDEGA,340263.72000000003,409989.3,1741082,870541.0,-530277.28,0.0,530277.28,2,13.66204664614329,86.92963712770437
Karnataka,BAGALKOT,105468111.57,8796267.0,1490198,745099.0,104723012.57,104723012.57,0.0,2,28.951111342583655,74.90730065035507
Karnataka,BANGALORE,2834966.65,1080386.0,1198376,599188.0,2235778.65,2235778.65,0.0,0,16.14239851078482,70.88380039002101
Karnataka,BANGALORE RURAL,8473444.44,2726107.0,2866696,1433348.0,7040096.44,7040096.44,0.0,1,8.705163026512162,75.05199353898416
Karnataka,BELGAUM,217797239.72,16222935.0,2977154,1488577.0,216308662.72,216308662.72,0.0,1,26.718696581307867,88.94574102381412
Karnataka,BELLARY,23040063.22,9569370.0,1198002,599001.0,22441062.22,22441062.22,0.0,0,13.136209702804418,92.8151975750823
Karnataka,BIDAR,34630145.53,7327814.0,2088015,1044007.5,33586138.03,33586138.03,0.0,2,35.27329894623452,92.07637607244276
Karnataka,BIJAPUR,49212028.91,15947695.0,2079159,1039579.5,48172449.41,48172449.41,0.0,2,35.66392873307503,79.5183223589352
Karnataka,CHAMRAJNAGAR,21794585.42,3242909.0,1407317,703658.5,21090926.92,21090926.92,0.0,2,34.531067316393006,87.37446896054874
Karnataka,CHIKBALLAPURA,2821538.76,1250220.0,2985367,1492683.5,1328855.2599999998,1328855.2599999998,0.0,1,18.73460230740789,73.94454456705881
Karnataka,CHIKMAGALUR,12389387.33,4306749.0,821184,410592.0,11978795.33,11978795.33,0.0,0,8.448241879337155,76.50128417756939
Karnataka,CHITRADURGA,20298165.38,8857591.0,2347191,1173595.5,19124569.88,19124569.88,0.0,1,34.921238315044036,93.99373873711247
Karnataka,DAKSHINA KANNADA,10455059.23,2484531.0,1971091,985545.5,9469513.73,9469513.73,0.0,2,20.417340301202117,68.37705578181135
Karnataka,DAVANAGERE,36429656.16,7688536.0,1168234,584117.0,35845539.16,35845539.16,0.0,0,36.03298975226642,70.47974739477958
Karnataka,DHARWAD,13460245.48,8849274.0,878480,439240.0,13021005.48,13021005.48,0.0,0,35.94497933558833,74.02870139923479
Karnataka,GADAG,9217909.65,8361849.0,2629863,1314931.5,7902978.15,7902978.15,0.0,1,32.737274208553444,68.76943391234077
Karnataka,GULBARGA,30081617.28,22315289.0,1291971,645985.5,29435631.78,29435631.78,0.0,2,16.539017870017986,73.26162761760412
Karnataka,HASSAN,29490379.52,6965424.0,1001157,500578.5,28989801.02,28989801.02,0.0,0,19.167834129455834,84.90820526812107
Karnataka,HAVERI,17801686.97,7144749.0,684423,342211.5,17459475.47,17459475.47,0.0,0,32.68296347398885,80.22131196718244
Karnataka,KODAGU,3663884.18,1178294.0,2252290,1126145.0,2537739.18,2537739.18,0.0,1,17.190738149532052,93.88747962123227
Karnataka,KOLAR,8297375.03,3360763.0,1412495,706247.5,7591127.53,7591127.53,0.0,2,12.915289653896682,91.70586329041478
Karnataka,KOPPAL,11354512.94,7679845.0,2285954,1142977.0,10211535.94,10211535.94,0.0,1,24.147236611292154,77.91270319923841
Karnataka,MANDYA,59688300.91,4437797.0,633272,316636.0,59371664.91,59371664.91,0.0,0,35.14848845066265,75.52327956950748
Karnataka,MYSORE,34689529.85,8929292.0,1267836,633918.0,34055611.85,34055611.85,0.0,0,28.184864103574217,79.01107983685074
Karnataka,RAICHUR,15493364.54,11687405.0,1626081,813040.5,14680324.04,14680324.04,0.0,2,24.531773932591584,85.11855333292942
Karnataka,RAMANAGARA,3735961.5,1052347.0,2600021,1300010.5,2435951.0,2435951.0,0.0,1,10.818118319352287,75.7738455838634
Karnataka,SHIMOGA,29072718.84,4969288.0,1281474,640737.0,28431981.84,28431981.84,0.0,0,25.835209574275922,86.10031832762489
Karnataka,TUMKUR,33468387.78,10540767.0,1860828,930414.0,32537973.78,32537973.78,0.0,2,36.71156165302364,79.87293791354597
Karnataka,UDUPI,6151291.83,1741517.0,1118467,559233.5,5592058.33,5592058.33,0.0,0,12.062436441859198,84.00936824470743
Karnataka,UTTARA KANNADA,9025041.06,2274954.0,1638848,819424.0,8205617.06,8205617.06,0.0,2,23.031559918548368,80.64766934492418
Karnataka,YADGIR,3093212.0,1920159.0,2635619,1317809.5,1775402.5,1775402.5,0.0,1,33.443819085910704,76.53950702671561
Kerala,ALAPPUZHA,4800461927.16,1735627.2,1377844,688922.0,4799773005.16,4799773005.16,0.0,2,29.482289914871927,95.50514590190255
Kerala,ERNAKULAM,5021649325.77,1928819.81,980047,490023.5,5021159302.27,5021159302.27,0.0,0,28.21345648886277,90.14456803063307
Kerala,IDUKKI,1521358947.35,2579861.59,2207923,1103961.5,1520254985.85,1520254985.85,0.0,1,28.37203843562617,72.06328209722713
Kerala,KANNUR,9783432072.12,3011744.84,1607447,803723.5,9782628348.62,9782628348.62,0.0,2,18.4252433853729,93.18557130103947
Kerala,KASARAGOD,7732216929.42,1872024.1,1439903,719951.5,7731496977.92,7731496977.92,0.0,2,16.51416348367031,82.13550474923589
Kerala,KOLLAM,7151945342.26,2167962.15,628391,314195.5,7151631146.76,7151631146.76,0.0,0,31.471473508876894,93.94201457992865
Kerala,KOTTAYAM,3025203753.5,1513036.58,1517026,758513.0,3024445240.5,3024445240.5,0.0,2,31.49328844569624,91.19580242247214
Kerala,KOZHIKODE,15280739862.95,2999653.25,2159280,1079640.0,15279660222.95,15279660222.95,0.0,1,33.145097238823006,80.33119162960777
Kerala,MALAPPURAM,14518402342.16,3210396.71,2405279,1202639.5,14517199702.66,14517199702.66,0.0,1,34.48397602413767,68.65160994128341
Kerala,PALAKKAD,6369381578.71,3686323.76,2853839,1426919.5,6367954659.21,6367954659.21,0.0,1,22.828929566967197,75.79164342216343
Kerala,PATHANAMTHITTA,1969921120.43,837617.81,607450,303725.0,1969617395.43,1969617395.43,0.0,0,22.54397254592879,83.70739222516514
Kerala,THIRUVANANTHAPURAM,10022714452.33,2218004.26,2769042,1384521.0,10021329931.33,10021329931.33,0.0,1,31.15056019003648,86.37086837495826
Kerala,THRISSUR,9923507679.7,2447885.02,2879126,1439563.0,9922068116.7,9922068116.7,0.0,1,26.848953992555188,75.47874287756287
Kerala,WAYANAD,759110041.84,1699116.25,2483509,1241754.5,757868287.34,757868287.34,0.0,1,28.357039440473397,72.04132614811189
Madhya Pradesh,AGAR MALWA,279001.0,276040.0,616381,308190.5,-29189.5,0.0,29189.5,0,31.07798741364693,92.21297686717968
Madhya Pradesh,ALIRAJPUR,1098277.0,1215939.0,2021701,1010850.5,87426.5,87426.5,0.0,2,33.81015491270942,96.54766324040301
Madhya Pradesh,ANUPPUR,1576853.01,2125515.0,2120197,1060098.5,516754.51,516754.51,0.0,2,17.801859548694537,83.24501528677789
Madhya Pradesh,ASHOKNAGAR,5273607.0,4427234.0,2731660,1365830.0,3907777.0,3907777.0,0.0,1,18.891905626558376,72.9786992896008
Madhya Pradesh,BALAGHAT,7234154.0,5621040.0,2278226,1139113.0,6095041.0,6095041.0,0.0,1,10.725476255385201,75.8969124690617
Madhya Pradesh,BARWANI,5945792.14,4213705.0,2411221,1205610.5,4740181.64,4740181.64,0.0,1,24.770124088889045,68.53332961987654
Madhya Pradesh,BETUL,12667795.01,8986655.0,1699386,849693.0,11818102.01,11818102.01,0.0,2,9.04232594010552,94.51466539025446
Madhya Pradesh,BHIND,8300032.13,5800597.0,2514484,1257242.0,7042790.13,7042790.13,0.0,1,21.502342525841343,71.41478140381409
Madhya Pradesh,BHOPAL,5217653.01,3592416.0,2957184,1478592.0,3739061.01,3739061.01,0.0,1,23.736694406519725,84.71897778991335
Madhya Pradesh,BURHANPUR,8253979.01,1224092.0,1918175,959087.5,7294891.51,7294891.51,0.0,2,16.30969631172025,75.94760139992897
Madhya Pradesh,CHHATARPUR,7783972.02,8032833.0,1229903,614951.5,7169020.52,7169020.52,0.0,0,25.13416455650131,84.071162072958
Madhya Pradesh,CHHINDWARA,22448660.1,9869416.0,2642866,1321433.0,21127227.1,21127227.1,0.0,1,8.884507248232433,86.89119126220406
Madhya Pradesh,DAMOH,6592481.03,6889142.0,2015536,1007768.0,5584713.03,5584713.03,0.0,2,9.083097473727218,92.06251230750885
Madhya Pradesh,DATIA,7243183.03,3693269.0,2260427,1130213.5,6112969.53,6112969.53,0.0,1,31.855416259130088,73.98621688105749
Madhya Pradesh,DEWAS,15426941.0,9655215.0,624123,312061.5,15114879.5,15114879.5,0.0,0,18.44552860092662,68.31887903109593
Madhya Pradesh,DHAR,17064717.1,11749851.0,1436093,718046.5,16346670.6,16346670.6,0.0,2,11.684754866904658,71.96968327199541
Madhya Pradesh,DINDORI,2634961.32,4252478.0,1631565,815782.5,1819178.82,1819178.82,0.0,2,23.145054541589325,94.10054061359504
Madhya Pradesh,EAST NIMAR,10601499.02,7335575.0,678274,339137.0,10262362.02,10262362.02,0.0,0,30.329813039859715,93.34281224931294
Madhya Pradesh,GUNA,9562240.01,8569357.0,2431760,1215880.0,8346360.01,8346360.01,0.0,1,14.258809797408453,85.32497996293894
Madhya Pradesh,GWALIOR,8742743.0,4170847.0,631373,315686.5,8427056.5,8427056.5,0.0,0,26.063823798751006,85.41498895257595
Madhya Pradesh,HARDA,9075442.01,4950213.0,615294,307647.0,8767795.01,8767795.01,0.0,0,10.475076484819272,87.28606356184142
Madhya Pradesh,HOSHANGABAD,15858249.02,8686688.0,2520320,1260160.0,14598089.02,14598089.02,0.0,1,9.498769913889623,73.08576708008003
Madhya Pradesh,INDORE,13608035.01,6747843.0,1148307,574153.5,13033881.51,13033881.51,0.0,0,23.40928431547629,94.51794643182383
Madhya Pradesh,JABALPUR,6887927.0,6169785.0,2662878,1331439.0,5556488.0,5556488.0,0.0,1,23.67841852669309,80.14434522187013
Madhya Pradesh,JHABUA,5204354.02,5660307.0,641564,320782.0,4883572.02,4883572.02,0.0,0,26.48546714344799,79.11101731923543
Madhya Pradesh,KATNI,3966714.1,4025882.0,1926388,963194.0,3003520.1,3003520.1,0.0,2,29.056648677957185,83.0486134532023
Madhya Pradesh,MANDLA,3623357.0,4831165.0,2567359,1283679.5,2339677.5,2339677.5,0.0,1,36.29971030441351,69.3620130364766
Madhya Pradesh,MANDSAUR,10941068.01,8106622.0,2865398,1432699.0,9508369.01,9508369.01,0.0,1,22.972710100734666,72.8222176939263
Madhya Pradesh,MORENA,11439880.01,5779624.0,2715167,1357583.5,10082296.51,10082296.51,0.0,1,17.365737715296135,89.40297487636474
Madhya Pradesh,NARSIMHAPUR,20934476.0,6645237.0,2851231,1425615.5,19508860.5,19508860.5,0.0,1,31.060399648292407,70.40116136982867
Madhya Pradesh,NEEMUCH,5390993.21,3881930.0,1189944,594972.0,4796021.21,4796021.21,0.0,0,15.854135286600153,85.49141117452525
Madhya Pradesh,PANNA,4315173.01,5138912.0,1188105,594052.5,3721120.51,3721120.51,0.0,0,20.730171200463445,75.1151241807583
Madhya Pradesh,RAISEN,11366939.01,9021511.0,2489173,1244586.5,10122352.51,10122352.51,0.0,1,10.275235058925713,79.28957280721733
Madhya Pradesh,RAJGARH,10573769.01,9747701.0,1914466,957233.0,9616536.01,9616536.01,0.0,2,8.735171559048268,76.37211836635029
Madhya Pradesh,RATLAM,11935223.02,7339799.0,945101,472550.5,11462672.52,11462672.52,0.0,0,35.91680402565983,78.31450877748352
Madhya Pradesh,REWA,7709733.01,8211435.0,2633783,1316891.5,6392841.51,6392841.51,0.0,1,32.24342349485397,88.85233125034313
Madhya Pradesh,SAGAR,11287274.11,12063542.0,1552590,776295.0,10510979.11,10510979.11,0.0,2,28.18325197671724,76.61652975307207
Madhya Pradesh,SATNA,7511834.02,7947055.0,1566646,783323.0,6728511.02,6728511.02,0.0,2,19.859635388013828,84.42573456861001
Madhya Pradesh,SEHORE,14434926.0,9530224.0,2370785,1185392.5,13249533.5,13249533.5,0.0,1,13.025535282054527,81.80546166377388
Madhya Pradesh,SEONI,8558762.41,8044087.0,1605534,802767.0,7755995.41,7755995.41,0.0,2,12.536674237461495,87.2464637955168
Madhya Pradesh,SHAHDOL,3829686.0,4700704.0,2083593,1041796.5,2787889.5,2787889.5,0.0,2,15.257044046773265,95.16806244041798
Madhya Pradesh,SHAJAPUR,13601508.11,10369914.0,2303649,1151824.5,12449683.61,12449683.61,0.0,1,23.927573276477496,89.24459081909725
Madhya Pradesh,SHEOPUR,5443078.02,3268255.0,1724665,862332.5,4580745.52,4580745.52,0.0,2,28.72328175830181,74.23327097913194
Madhya Pradesh,SHIVPURI,11436678.03,8650843.0,2794544,1397272.0,10039406.03,10039406.03,0.0,1,27.145723924814206,68.90431091677725
Madhya Pradesh,SIDHI,4727454.21,6444533.0,658823,329411.5,4398042.71,4398042.71,0.0,0,16.11808301143234,75.60565728469493
Madhya Pradesh,SINGRAULI,1583011.0,1366866.0,1941578,970789.0,612222.0,612222.0,0.0,2,35.69109313923263,85.25725999030739
Madhya Pradesh,TIKAMGARH,7013132.2,6157430.0,998863,499431.5,6513700.7,6513700.7,0.0,0,29.399010584177287,69.49134859104326
Madhya Pradesh,UJJAIN,17535063.02,12415829.0,867654,433827.0,17101236.02,17101236.02,0.0,0,24.07626752283062,82.39462116883585
Madhya Pradesh,UMARIA,1443687.0,2337718.0,2832514,1416257.0,27430.0,27430.0,0.0,1,25.739901640796216,85.3084426185898
Madhya Pradesh,VIDISHA,13334946.13,11588372.0,1992785,996392.5,12338553.63,12338553.63,0.0,2,20.168401810405907,77.69307283369186
Madhya Pradesh,WEST NIMAR,10319825.01,8281894.0,1297079,648539.5,9671285.51,9671285.51,0.0,2,15.184198695533567,90.35645390862884
Maharashtra,AHMADNAGAR,114549676.0,19502613.0,1164076,582038.0,113967638.0,113967638.0,0.0,0,18.323207680886586,71.09134934087938
Maharashtra,AKOLA,11079450.0,9888333.0,2817115,1408557.5,9670892.5,9670892.5,0.0,1,29.977537203466703,70.17899567033845
Maharashtra,AMRAVATI,15331127.0,13814466.0,1797286,898643.0,14432484.0,14432484.0,0.0,2,8.41741117026292,89.11747392990449
Maharashtra,AURANGABAD,32332282.0,13767021.0,2818136,1409068.0,30923214.0,30923214.0,0.0,1,11.36610657470057,82.36924816997976
Maharashtra,BHANDARA,6872126.0,4212909.0,2405324,1202662.0,5669464.0,5669464.0,0.0,1,9.33407661863083,87.96366949640435
Maharashtra,BID,52618126.0,15442540.0,2861664,1430832.0,51187294.0,51187294.0,0.0,1,9.181135267250134,80.60999281950865
Maharashtra,BULDANA,15871678.4,13591392.0,1786125,893062.5,14978615.9,14978615.9,0.0,2,32.808356936319214,75.1456589639341
Maharashtra,CHANDRAPUR,8258470.0,8434950.0,2032875,1016437.5,7242032.5,7242032.5,0.0,2,28.406077922020685,91.7539672125518
Maharashtra,DHULE,15727939.0,7992281.0,948982,474491.0,15253448.0,15253448.0,0.0,0,21.75104104353243,91.1830604901004
Maharashtra,GARHCHIROLI,3357711.0,3159021.0,1672622,836311.0,2521400.0,2521400.0,0.0,2,10.837190658879043,88.14619765477838
Maharashtra,GONDIYA,4243298.3,3150638.0,1496161,748080.5,3495217.8,3495217.8,0.0,2,22.25686037838814,75.89220897966892
Maharashtra,HINGOLI,18242012.6,6888404.0,1166326,583163.0,17658849.6,17658849.6,0.0,0,21.730681352636402,85.11668933920353
Maharashtra,JALGAON,39100395.0,15428641.0,1149150,574575.0,38525820.0,38525820.0,0.0,0,13.02285422739044,78.46824301126078
Maharashtra,JALNA,28211111.0,11545359.0,618834,309417.0,27901694.0,27901694.0,0.0,0,20.581697827901216,70.6558801264724
Maharashtra,KOLHAPUR,167711414.0,6933349.0,2199005,1099502.5,166611911.5,166611911.5,0.0,1,19.556637297523828,94.60209368840503
Maharashtra,LATUR,43720658.2,11856033.0,2254236,1127118.0,42593540.2,42593540.2,0.0,1,25.859652843514276,71.96774029664988
Maharashtra,MUMBAI CITY,2.0,3.0,784821,392410.5,-392408.5,0.0,392408.5,0,26.41771587516167,95.55688326080327
Maharashtra,NAGPUR,10069571.0,9737945.0,555609,277804.5,9791766.5,9791766.5,0.0,0,9.313816283389292,80.93416741578072
Maharashtra,NANDED,28141106.0,14002236.0,727897,363948.5,27777157.5,27777157.5,0.0,0,18.863765824167665,73.36885493631996
Maharashtra,NANDURBAR,13789042.0,4440822.0,1474165,737082.5,13051959.5,13051959.5,0.0,2,26.149937555712857,83.71512747397239
Maharashtra,NASHIK,44087899.0,12633965.0,1579600,789800.0,43298099.0,43298099.0,0.0,2,22.59095149882254,93.31542924041584
Maharashtra,OSMANABAD,38987885.2,13207706.0,1525715,762857.5,38225027.7,38225027.7,0.0,2,32.83820539446135,89.23452170587727
Maharashtra,PALGHAR,200200.0,93600.0,1938533,969266.5,-769066.5,0.0,769066.5,2,27.102115316949405,91.39027328798204
Maharashtra,PARBHANI,30828280.0,14414444.0,2781230,1390615.0,29437665.0,29437665.0,0.0,1,12.725098385361461,87.10471763461081
Maharashtra,PUNE,138322254.3,14143249.0,961243,480621.5,137841632.8,137841632.8,0.0,0,10.046493674612465,88.07602037101772
Maharashtra,RAIGARH,5783227.3,2611979.0,2558852,1279426.0,4503801.3,4503801.3,0.0,1,26.630159067983154,92.62667389539426
Maharashtra,RATNAGIRI,4003298.0,1840982.0,2485588,1242794.0,2760504.0,2760504.0,0.0,1,8.768828005707032,75.24037225691639
Maharashtra,SANGLI,93402676.0,10045455.0,751451,375725.5,93026950.5,93026950.5,0.0,0,24.987491856930436,82.19332394565107
Maharashtra,SATARA,82331883.2,9237758.0,503051,251525.5,82080357.7,82080357.7,0.0,0,35.26667700132377,74.41507381276847
Maharashtra,SINDHUDURG,3944360.3,1525585.0,2252683,1126341.5,2818018.8,2818018.8,0.0,1,24.68875115840049,96.64237223190275
Maharashtra,SOLAPUR,147511696.0,15720592.0,1504646,752323.0,146759373.0,146759373.0,0.0,2,19.256927859989133,95.37772085091179
Maharashtra,THANE,5404646.0,2985007.0,2160099,1080049.5,4324596.5,4324596.5,0.0,1,26.655358334828243,69.14337752968667
Maharashtra,WARDHA,10337870.0,7314108.0,1471525,735762.5,9602107.5,9602107.5,0.0,2,21.28933382425398,88.46168000295496
Maharashtra,WASHIM,7453867.4,7296796.0,689407,344703.5,7109163.9,7109163.9,0.0,0,23.822886890162113,94.8322012050543
Maharashtra,YAVATMAL,21813368.0,15346055.0,949395,474697.5,21338670.5,21338670.5,0.0,0,35.30247945451923,73.23668500869267
Manipur,BISHNUPUR,635050.0,206040.0,1449597,724798.5,-89748.5,0.0,89748.5,2,19.196976496222455,84.47041168602625
Manipur,CHANDEL,286413.0,104280.0,1760386,880193.0,-593780.0,0.0,593780.0,2,35.87452635089351,94.54916063005321
Manipur,CHURACHANDPUR,585418.0,267514.0,2670675,1335337.5,-749919.5,0.0,749919.5,1,34.25516861672585,68.98443337898817
Manipur,IMPHAL EAST,855483.0,316636.0,1643052,821526.0,33957.0,33957.0,0.0,2,13.677942908889596,88.22518775015836
Manipur,IMPHAL WEST,634196.0,202722.0,722866,361433.0,272763.0,272763.0,0.0,0,10.011477725379798,76.62312121380397
Manipur,SENAPATI,804018.0,323844.0,1635248,817624.0,-13606.0,0.0,13606.0,2,10.922562039945372,94.80748966591938
Manipur,TAMENGLONG,264989.0,117893.0,2146711,1073355.5,-808366.5,0.0,808366.5,2,8.528432943894941,96.16068910979567
Manipur,THOUBAL,704464.0,290570.0,1893470,946735.0,-242271.0,0.0,242271.0,2,10.738845861921924,95.38372818428958
Manipur,UKHRUL,460886.0,177765.0,2625403,1312701.5,-851815.5,0.0,851815.5,1,27.80719642907435,81.75221228306646
Meghalaya,EAST GARO HILLS,1544405.0,569984.0,1923286,961643.0,582762.0,582762.0,0.0,2,10.064470805346641,92.99923687869008
Meghalaya,EAST KHASI HILLS,2639094.0,489444.0,683062,341531.0,2297563.0,2297563.0,0.0,0,17.250293278519077,92.49193255751705
Meghalaya,JAINTIA HILLS,901022.0,456135.0,2991518,1495759.0,-594737.0,0.0,594737.0,1,32.50138401811418,77.25391372405441
Meghalaya,NORTH GARO HILLS,79604.0,24688.0,600235,300117.5,-220513.5,0.0,220513.5,0,8.67488613633895,92.03854875036964
Meghalaya,RI BHOI,1078328.0,296767.0,2975648,1487824.0,-409496.0,0.0,409496.0,1,31.619585995079138,69.07322140674928
Meghalaya,SOUTH GARO HILLS,541740.0,276148.0,2401625,1200812.5,-659072.5,0.0,659072.5,1,16.173788468428597,85.29182647597953
Meghalaya,SOUTH WEST GARO HILLS,151980.0,42747.0,1250201,625100.5,-473120.5,0.0,473120.5,0,11.426780001028032,74.67025628134338
Meghalaya,SOUTH WEST KHASI HILLS,70250.0,11867.0,1303328,651664.0,-581414.0,0.0,581414.0,2,28.20537779556037,71.49643968754108
Meghalaya,WEST GARO HILLS,3655185.0,1439501.0,1543233,771616.5,2883568.5,2883568.5,0.0,2,26.239342556616634,70.23164284724706
Meghalaya,WEST KHASI HILLS,1450888.0,427747.0,2774399,1387199.5,63688.5,63688.5,0.0,1,33.446688392284535,88.19237450046606
Mizoram,AIZAWL,592540.03,306444.77,2211741,1105870.5,-513330.47,0.0,513330.47,1,29.317060270312687,77.85637394927392
Mizoram,CHAMPHAI,245166.0,153604.0,1029525,514762.5,-269596.5,0.0,269596.5,0,31.30094698116061,89.01823637433408
Mizoram,KOLASIB,335579.0,192228.0,1568632,784316.0,-448737.0,0.0,448737.0,2,16.179002604567888,69.89533388316933
Mizoram,LAWANGTLAI,44406.0,39220.0,676615,338307.5,-293901.5,0.0,293901.5,0,13.14574676961196,77.1434197970877
Mizoram,LUNGLEI,239506.3,153617.4,687628,343814.0,-104307.7,0.0,104307.7,0,29.767827797584893,83.64524747888478
Mizoram,MAMIT,91200.0,64440.0,2970784,1485392.0,-1394192.0,0.0,1394192.0,1,31.398207438750656,90.93097178032994
Mizoram,SAIHA,52691.5,44751.0,906716,453358.0,-400666.5,0.0,400666.5,0,36.72464911801953,77.24382258503003
Mizoram,SERCHHIP,60451.0,39430.0,1041252,520626.0,-460175.0,0.0,460175.0,0,19.96591263043137,86.15084991667327
Nagaland,DIMAPUR,2835020.0,1051901.0,2186293,1093146.5,1741873.5,1741873.5,0.0,1,18.788524487990713,93.69335469884942
Nagaland,KIPHIRE,344580.0,161990.0,2849916,1424958.0,-1080378.0,0.0,1080378.0,1,30.51597586151791,85.86003245728683
Nagaland,KOHIMA,1381650.0,656193.0,2664367,1332183.5,49466.5,49466.5,0.0,1,17.883302667337517,74.75582476785537
Nagaland,LONGLENG,240870.0,111030.0,2404050,1202025.0,-961155.0,0.0,961155.0,1,34.99196244250338,68.7076226651396
Nagaland,MOKOKCHUNG,1153274.0,589503.0,644356,322178.0,831096.0,831096.0,0.0,0,32.89396980344734,93.23286734312697
Nagaland,MON,1158260.0,624250.0,703861,351930.5,806329.5,806329.5,0.0,0,20.44082679387553,68.61681291466122
Nagaland,PEREN,468860.0,178110.0,855612,427806.0,41054.0,41054.0,0.0,0,29.775260965953425,93.36634850784178
Nagaland,PHEK,1372266.0,699486.0,509435,254717.5,1117548.5,1117548.5,0.0,0,29.88174334845579,83.33917688678915
Nagaland,TUENSANG,1237476.0,693655.0,947556,473778.0,763698.0,763698.0,0.0,0,10.990592196242046,95.23296325687399
Nagaland,WOKHA,1458409.0,690001.0,2248014,1124007.0,334402.0,334402.0,0.0,1,34.174034293707436,91.1647138374363
Nagaland,ZUNHEBOTO,1115285.0,614855.0,578781,289390.5,825894.5,825894.5,0.0,0,22.652318800987857,96.94008920546679
Odisha,ANUGUL,3235190.0,2737259.0,2788627,1394313.5,1840876.5,1840876.5,0.0,1,31.967266517124507,78.1706426480996
Odisha,BALANGIR,7905856.0,5792701.0,2757348,1378674.0,6527182.0,6527182.0,0.0,1,17.281438429887743,90.24846037900268
Odisha,BALESHWAR,7516126.4,5025855.0,2823659,1411829.5,6104296.9,6104296.9,0.0,1,33.970173626389816,79.65599649466802
Odisha,BARGARH,13679878.2,7317919.0,2903215,1451607.5,12228270.7,12228270.7,0.0,1,19.286848683290728,81.91639298881336
Odisha,BAUDA,2012894.0,1666185.0,1264121,632060.5,1380833.5,1380833.5,0.0,0,8.314291892928653,86.19765843333273
Odisha,BHADRAK,5952772.7,3764352.0,2239183,1119591.5,4833181.2,4833181.2,0.0,1,34.256077316158645,93.33663631140382
Odisha,CUTTACK,7737263.4,4240204.0,1669748,834874.0,6902389.4,6902389.4,0.0,2,10.647313626797873,96.53842060677957
Odisha,DEBAGARH,1451405.8,1198937.0,2004544,1002272.0,449133.8000000001,449133.8000000001,0.0,2,17.260095490122033,90.27992900207103
Odisha,DHENKANAL,4595305.8,2803384.0,1607677,803838.5,3791467.3,3791467.3,0.0,2,35.551797044473346,80.11523668285268
Odisha,GAJAPATI,1812434.6,1273311.0,2044548,1022274.0,790160.6000000001,790160.6000000001,0.0,2,35.567607261189124,80.21935306603504
Odisha,GANJAM,11402125.1,7281780.0,788790,394395.0,11007730.1,11007730.1,0.0,0,24.629698755575298,89.38988674607785
Odisha,JAGATSINGHAPUR,3811467.3,2639854.0,1390617,695308.5,3116158.8,3116158.8,0.0,2,26.32327915292418,74.92453722728077
Odisha,JAJAPUR,4525652.0,3543925.0,1908836,954418.0,3571234.0,3571234.0,0.0,2,21.004920137371272,71.20374928081044
Odisha,JHARSUGUDA,1578128.0,1229330.0,2141249,1070624.5,507503.5,507503.5,0.0,2,16.503112379243873,78.28404257158252
Odisha,KALAHANDI,8079805.1,6318374.0,1150419,575209.5,7504595.6,7504595.6,0.0,0,17.531271815727564,76.32993075796837
Odisha,KANDHAMAL,1790862.1,1485548.0,1387225,693612.5,1097249.6,1097249.6,0.0,2,27.503035226234115,76.5929354932237
Odisha,KENDRAPARA,4362329.3,3585146.0,771967,385983.5,3976345.8,3976345.8,0.0,0,29.81886135369272,74.77462478044738
Odisha,KENDUJHAR,5715192.3,4657146.0,691232,345616.0,5369576.3,5369576.3,0.0,0,30.955792268049606,69.22070249945449
Odisha,KHORDHA,3692823.0,2778512.0,1852695,926347.5,2766475.5,2766475.5,0.0,2,30.89892614104206,68.518344107269
Odisha,KORAPUT,8424119.5,4120076.0,2606692,1303346.0,7120773.5,7120773.5,0.0,1,10.64497698841202,96.64394930234491
Odisha,MALKANGIRI,2674441.2,2466148.0,2089228,1044614.0,1629827.2000000002,1629827.2000000002,0.0,2,22.33818883637486,80.40542087834001
Odisha,MAYURBHANJ,9139074.4,7139576.0,1600567,800283.5,8338790.9,8338790.9,0.0,2,9.669204040482684,79.14547276763076
Odisha,NABARANGAPUR,7894588.0,4549780.0,2785903,1392951.5,6501636.5,6501636.5,0.0,1,23.93633758738833,87.70977119809902
Odisha,NAYAGARH,5302487.1,2833827.0,1118992,559496.0,4742991.1,4742991.1,0.0,0,20.804384539827936,74.32936274808687
Odisha,NUAPADA,2654029.6,2647946.0,549115,274557.5,2379472.1,2379472.1,0.0,0,33.74342129999069,95.54887433455653
Odisha,PURI,4930158.3,3780290.0,1221747,610873.5,4319284.8,4319284.8,0.0,0,18.176535364010284,90.804005418051
Odisha,RAYAGADA,2663323.1,2182640.0,1697719,848859.5,1814463.6,1814463.6,0.0,2,11.39494347640057,70.59291906705553
Odisha,SAMBALPUR,5359383.6,3406688.0,2263211,1131605.5,4227778.1,4227778.1,0.0,1,12.14675877953224,80.10984249776293
Odisha,SUBARNAPUR,5381947.0,2900535.0,2538449,1269224.5,4112722.5,4112722.5,0.0,1,30.083808319806696,93.49443091930277
Odisha,SUNDARGARH,5623007.2,5166388.0,1036226,518113.0,5104894.2,5104894.2,0.0,0,25.92832383617157,95.3972286464509
Puducherry,KARAIKAL,32437208.0,163900.0,2950976,1475488.0,30961720.0,30961720.0,0.0,1,10.932557607560916,81.55464382624622
Puducherry,MAHE,54306756.0,23631.0,1552576,776288.0,53530468.0,53530468.0,0.0,2,10.439097377334924,85.78893028711053
Puducherry,PUDUCHERRY,241478401.0,343559.0,1904330,952165.0,240526236.0,240526236.0,0.0,2,28.32810481231448,72.84398443667018
Puducherry,YANAM,56502137.0,17652.0,751492,375746.0,56126391.0,56126391.0,0.0,0,10.110127184561613,96.74389015797232
Punjab,AMRITSAR,40718200.0,9704303.0,2048098,1024049.0,39694151.0,39694151.0,0.0,2,31.83394171942033,74.71847934011986
Punjab,BARNALA,8966801.0,1877001.0,991072,495536.0,8471265.0,8471265.0,0.0,0,28.48102458753839,95.33922144991864
Punjab,BATHINDA,35990440.0,9244569.0,1586880,793440.0,35197000.0,35197000.0,0.0,2,10.359114638615093,86.83975282077868
Punjab,FARIDKOT,17878718.0,4089907.0,1004999,502499.5,17376218.5,17376218.5,0.0,0,10.460293708470566,85.62436705148691
Punjab,FATEHGARH SAHIB,16947100.0,3147202.0,831593,415796.5,16531303.5,16531303.5,0.0,0,36.612547776534086,82.86796681947875
Punjab,FAZILKA,4924800.0,1289001.0,2555723,1277861.5,3646938.5,3646938.5,0.0,1,18.85385307692749,74.68942453981501
Punjab,FIROZPUR,54799563.0,13142445.0,2748988,1374494.0,53425069.0,53425069.0,0.0,1,18.748622264939836,73.11931292815974
Punjab,GURDASPUR,44597293.0,7813020.0,608940,304470.0,44292823.0,44292823.0,0.0,0,31.571187450467576,74.39410006303508
Punjab,HOSHIARPUR,32441405.0,5385340.0,1324926,662463.0,31778942.0,31778942.0,0.0,2,35.4702087441319,73.40670960218338
Punjab,JALANDHAR,33971600.0,6142509.0,1814093,907046.5,33064553.5,33064553.5,0.0,2,36.594030850863255,90.60794973343585
Punjab,KAPURTHALA,20359000.0,4231603.0,885777,442888.5,19916111.5,19916111.5,0.0,0,29.847967372509306,78.15363251583517
Punjab,LUDHIANA,46288060.0,9725332.0,2173250,1086625.0,45201435.0,45201435.0,0.0,1,18.911527980396556,69.6774376203385
Punjab,MANSA,23781525.0,6114836.0,2429305,1214652.5,22566872.5,22566872.5,0.0,1,10.421520784261395,96.10397627408352
Punjab,MOGA,27162911.0,6030901.0,1138873,569436.5,26593474.5,26593474.5,0.0,0,30.537260561895668,93.62979066393935
Punjab,MUKTSAR,29610054.0,7219857.0,565953,282976.5,29327077.5,29327077.5,0.0,0,24.193723242338347,94.90481621266117
Punjab,PATHANKOT,1858800.0,290904.0,503267,251633.5,1607166.5,1607166.5,0.0,0,20.302438268162312,96.85232685674663
Punjab,PATIALA,41053277.0,9194403.0,2679897,1339948.5,39713328.5,39713328.5,0.0,1,34.28427716774735,73.04296222736514
Punjab,RUPNAGAR,14229090.0,2746103.0,2424596,1212298.0,13016792.0,13016792.0,0.0,1,11.22472698687839,79.49101854817711
Punjab,SAHIBZADA AJIT SINGH NAGAR,3399137.0,840701.0,657164,328582.0,3070555.0,3070555.0,0.0,0,22.286128024434916,89.98891579541865
Punjab,SANGRUR,56897640.0,12297332.0,1035626,517813.0,56379827.0,56379827.0,0.0,0,8.329255698255153,88.18459792355998
Punjab,SHAHID BHAGAT SINGH NAGAR,17899510.0,2846906.0,2728636,1364318.0,16535192.0,16535192.0,0.0,1,21.591158617829663,72.4629812838558
Punjab,TARN TARAN,12610077.0,3351411.0,1031831,515915.5,12094161.5,12094161.5,0.0,0,9.632794994773283,91.65916062472792
Rajasthan,AJMER,4252280.0,6529515.0,1016771,508385.5,3743894.5,3743894.5,0.0,0,11.445719571774086,74.50877658326316
Rajasthan,ALWAR,20229453.2,10788907.0,1191095,595547.5,19633905.7,19633905.7,0.0,0,11.408261156536042,74.49071082985607
Rajasthan,BANSWARA,5826795.1,4492982.0,1333727,666863.5,5159931.6,5159931.6,0.0,2,26.827098761365843,83.57225826390899
Rajasthan,BARAN,10356428.1,6395146.0,1662928,831464.0,9524964.1,9524964.1,0.0,2,29.635301498697274,85.19525811040938
Rajasthan,BARMER,4652797.0,20732849.0,1369474,684737.0,3968060.0,3968060.0,0.0,2,24.91769418781763,84.82250002729653
Rajasthan,BHARATPUR,14389593.1,7427640.0,2683151,1341575.5,13048017.6,13048017.6,0.0,1,35.903003905761715,70.6531182845349
Rajasthan,BHILWARA,7872022.0,6786874.0,570640,285320.0,7586702.0,7586702.0,0.0,0,18.87124680618742,93.44636501628104
Rajasthan,BIKANER,7548637.0,15252399.0,696582,348291.0,7200346.0,7200346.0,0.0,0,16.28565050217396,75.70240123507247
Rajasthan,BUNDI,11055949.0,4932058.0,2500991,1250495.5,9805453.5,9805453.5,0.0,1,33.189374717494346,71.75593271720132
Rajasthan,CHITTAURGARH,13298845.1,7462373.0,900573,450286.5,12848558.6,12848558.6,0.0,0,14.484279317064127,93.77369431620033
Rajasthan,CHURU,6177567.0,17693807.0,1974271,987135.5,5190431.5,5190431.5,0.0,2,35.933453643777725,95.71389344866284
Rajasthan,DAUSA,7705199.1,4563446.0,561476,280738.0,7424461.1,7424461.1,0.0,0,8.352479766004674,93.00170090069807
Rajasthan,DHAULPUR,5606684.0,2733835.0,1855531,927765.5,4678918.5,4678918.5,0.0,2,36.12648597452153,91.47596616702147
Rajasthan,DUNGARPUR,2427861.1,2292076.0,1715856,857928.0,1569933.1,1569933.1,0.0,2,9.251637446566708,87.00201743853162
Rajasthan,GANGANAGAR,20641415.1,12825733.0,1175510,587755.0,20053660.1,20053660.1,0.0,0,33.843150297244065,83.97486374766504
Rajasthan,HANUMANGARH,17896208.0,14672550.0,1398320,699160.0,17197048.0,17197048.0,0.0,2,23.303332163502695,70.5226160374309
Rajasthan,JAIPUR,16625883.1,12428940.0,1134736,567368.0,16058515.1,16058515.1,0.0,0,36.79597908745971,79.84514317905027
Rajasthan,JAISALMER,1898610.0,6692904.0,2087261,1043630.5,854979.5,854979.5,0.0,2,10.140100377326567,78.8079669933571
Rajasthan,JALOR,5948402.1,9580940.0,2507635,1253817.5,4694584.6,4694584.6,0.0,1,24.061774247638304,75.53285972904946
Rajasthan,JHALAWAR,8560452.0,6544205.0,1726607,863303.5,7697148.5,7697148.5,0.0,2,36.10977353295387,88.97918329696896
Rajasthan,JHUNJHUNUN,9484033.0,8718628.0,566234,283117.0,9200916.0,9200916.0,0.0,0,23.169837480934316,82.38039631728435
Rajasthan,JODHPUR,8918337.0,15946963.0,2112818,1056409.0,7861928.0,7861928.0,0.0,2,26.252560505922613,70.35034026132179
Rajasthan,KARAULI,6972904.0,3940109.0,2775504,1387752.0,5585152.0,5585152.0,0.0,1,28.176711980553897,74.38531285654453
Rajasthan,KOTA,9377080.0,5337158.0,909995,454997.5,8922082.5,8922082.5,0.0,0,21.181690878265425,87.81450414612829
Rajasthan,NAGAUR,12683637.0,18333453.0,2792156,1396078.0,11287559.0,11287559.0,0.0,1,26.19918432243784,70.2077949252187
Rajasthan,PALI,4417737.1,8076296.0,966152,483076.0,3934661.1,3934661.1,0.0,0,24.945115045769906,92.68500050741429
Rajasthan,PRATAPGARH,1304681.0,772276.0,2490546,1245273.0,59408.0,59408.0,0.0,1,34.13358230423868,82.35924928340526
Rajasthan,RAJSAMAND,2388329.2,1558800.0,2503019,1251509.5,1136819.7000000002,1136819.7000000002,0.0,1,9.317945029902278,81.9370107424728
Rajasthan,SAWAI MADHOPUR,6313648.0,4761414.0,2273832,1136916.0,5176732.0,5176732.0,0.0,1,16.14793249817468,85.17982575512602
Rajasthan,SIKAR,10958162.0,9593610.0,551934,275967.0,10682195.0,10682195.0,0.0,0,35.561933038220204,91.91574801182932
Rajasthan,SIROHI,2526500.0,2387899.0,2268831,1134415.5,1392084.5,1392084.5,0.0,1,33.81764973283657,78.0864670291636
Rajasthan,TONK,6636147.0,7404729.0,925523,462761.5,6173385.5,6173385.5,0.0,0,21.214045830785675,87.66246842421285
Rajasthan,UDAIPUR,6367994.1,4364391.0,1340530,670265.0,5697729.1,5697729.1,0.0,2,25.983845336244567,84.40622695587794
Sikkim,EAST SIKKIM,652462.0,434730.0,505486,252743.0,399719.0,399719.0,0.0,0,16.04405430645285,75.74381983491321
Sikkim,NORTH SIKKIM,151264.0,120724.0,1687983,843991.5,-692727.5,0.0,692727.5,2,13.455513631989078,93.48026960429958
Sikkim,SOUTH SIKKIM,878003.0,469563.0,1373332,686666.0,191337.0,191337.0,0.0,2,21.44725374325948,91.12535462660091
Sikkim,WEST SIKKIM,754006.0,499462.0,1539458,769729.0,-15723.0,0.0,15723.0,2,18.24721461275553,87.09510320509435
TELANGANA,ADILABAD,66500.0,144900.0,2817336,1408668.0,-1342168.0,0.0,1342168.0,1,24.92602724367529,92.66687014373301
TELANGANA ,ADILABAD,14751813.0,9511537.0,2309891,1154945.5,13596867.5,13596867.5,0.0,1,10.254304471984561,93.15153182783428
TELANGANA ,HYDERABAD,3835.0,1953.0,2919862,1459931.0,-1456096.0,0.0,1456096.0,1,36.25744942231883,88.542526324736
TELANGANA ,KARIMNAGAR,32845098.0,10202269.0,697775,348887.5,32496210.5,32496210.5,0.0,0,36.60011158990848,92.27338652254649
TELANGANA ,KHAMMAM,124438561.0,7321645.0,2886488,1443244.0,122995317.0,122995317.0,0.0,1,28.24668970657261,88.22667238840923
TELANGANA ,MAHBUBNAGAR,21071863.0,14374266.0,1287494,643747.0,20428116.0,20428116.0,0.0,2,23.54679462397949,87.72408238104872
TELANGANA ,MEDAK,49111288.0,8601934.0,2156940,1078470.0,48032818.0,48032818.0,0.0,2,16.976300872303504,85.93972996824034
TELANGANA ,NALGONDA,22553052.0,10511370.0,1638356,819178.0,21733874.0,21733874.0,0.0,2,31.60005557150151,89.8287825471716
TELANGANA ,NIZAMABAD,36925792.0,6597028.0,1701193,850596.5,36075195.5,36075195.5,0.0,2,27.8572040040625,72.59954805349913
TELANGANA ,RANGA REDDY,9376553.0,4039219.0,1389465,694732.5,8681820.5,8681820.5,0.0,2,12.715891241001849,93.54525201676893
TELANGANA ,WARANGAL,24003575.0,10054503.0,1033636,516818.0,23486757.0,23486757.0,0.0,0,34.41688835032143,93.28346230461173
Tamil Nadu,ARIYALUR,9607235.0,540286.0,538102,269051.0,9338184.0,9338184.0,0.0,0,31.8535800447719,68.84817120800221
Tamil Nadu,COIMBATORE,2511855215.3900003,3870522.0,574460,287230.0,2511567985.3900003,2511567985.3900003,0.0,0,35.5441974854658,91.94868576637812
Tamil Nadu,CUDDALORE,163073995.16,5213921.0,1913354,956677.0,162117318.16,162117318.16,0.0,2,29.04586574326244,71.73722615672992
Tamil Nadu,DHARMAPURI,223196557.16,5193317.0,2276203,1138101.5,222058455.66,222058455.66,0.0,1,25.789040682137905,77.71844677351511
Tamil Nadu,DINDIGUL,767374506.44,3466653.0,2776360,1388180.0,765986326.44,765986326.44,0.0,1,20.129048052427947,89.56173943245662
Tamil Nadu,ERODE,407817447.37,3755314.0,713945,356972.5,407460474.87,407460474.87,0.0,0,35.04912601726639,72.66203698540093
Tamil Nadu,KANCHEEPURAM,91673263.1,3128747.0,731915,365957.5,91307305.6,91307305.6,0.0,0,33.11585279551184,91.7210436994528
Tamil Nadu,KANNIYAKUMARI,457409302.1,982102.0,2805276,1402638.0,456006664.1,456006664.1,0.0,1,9.311341433079493,92.13189116077452
Tamil Nadu,KARUR,107704489.63,1687666.0,1025830,512915.0,107191574.63,107191574.63,0.0,0,8.764642260420308,82.71656427906424
Tamil Nadu,KRISHNAGIRI,589596196.9100001,1444470.0,1832397,916198.5,588679998.4100001,588679998.4100001,0.0,2,18.917437639463436,68.18519027978817
Tamil Nadu,MADURAI,373674921.0,2368036.0,2636233,1318116.5,372356804.5,372356804.5,0.0,1,31.506046592673155,76.32410586207247
Tamil Nadu,NAGAPPATTINAM,119380092.0,4694830.0,1218216,609108.0,118770984.0,118770984.0,0.0,0,36.63100775013339,85.89088063289653
Tamil Nadu,NAMAKKAL,245512627.81,3059467.0,2952401,1476200.5,244036427.31,244036427.31,0.0,1,12.362089842002318,96.45439916279528
Tamil Nadu,PERAMBALUR,46699891.36,3089828.0,1768506,884253.0,45815638.36,45815638.36,0.0,2,25.22979074521192,86.32259228348339
Tamil Nadu,PUDUKKOTTAI,276557694.0,2791511.0,1305497,652748.5,275904945.5,275904945.5,0.0,2,19.045834842299623,75.53430385086064
Tamil Nadu,RAMANATHAPURAM,126434659.0,3172081.0,1017313,508656.5,125926002.5,125926002.5,0.0,0,36.12751753662349,86.38616538988873
Tamil Nadu,SALEM,302794676.63,4265984.0,1763108,881554.0,301913122.63,301913122.63,0.0,2,32.421448770935555,83.65957601175981
Tamil Nadu,SIVAGANGA,161938358.85,2024915.0,1837682,918841.0,161019517.85,161019517.85,0.0,2,32.311532436623,90.61551645938317
Tamil Nadu,THANJAVUR,1428293471.1,4630050.0,1576871,788435.5,1427505035.6,1427505035.6,0.0,2,21.59210163405414,71.1024385259818
Tamil Nadu,THE NILGIRIS,1624979.0,115303.0,1562383,781191.5,843787.5,843787.5,0.0,2,20.02976556779229,90.06980917255882
Tamil Nadu,THENI,680870617.5799999,1670528.0,2754656,1377328.0,679493289.5799999,679493289.5799999,0.0,1,15.928805085990481,83.6967307816072
Tamil Nadu,THIRUVALLUR,50824671.31,2630196.0,2549365,1274682.5,49549988.81,49549988.81,0.0,1,9.634889402876887,95.92676811191085
Tamil Nadu,THIRUVARUR,189658506.0,4740101.0,1786643,893321.5,188765184.5,188765184.5,0.0,2,33.07694891139654,77.9142928151219
Tamil Nadu,THOOTHUKKUDI,116592500.0,2697354.0,2033584,1016792.0,115575708.0,115575708.0,0.0,2,31.57412926477225,86.34603490088449
Tamil Nadu,TIRUCHIRAPPALLI,171172712.8,3293441.0,2506342,1253171.0,169919541.8,169919541.8,0.0,1,36.99181252529779,95.0288150597905
Tamil Nadu,TIRUNELVELI,307658905.0,2924160.0,894540,447270.0,307211635.0,307211635.0,0.0,0,36.90246827514326,70.9727821117297
Tamil Nadu,TIRUPPUR,1013374098.69,721904.0,2426275,1213137.5,1012160961.19,1012160961.19,0.0,1,24.107519462476198,95.17962612985708
Tamil Nadu,TIRUVANNAMALAI,94333413.65,4977009.0,1715557,857778.5,93475635.15,93475635.15,0.0,2,30.300635040234805,87.94868594672359
Tamil Nadu,VELLORE,590885748.76,3631445.0,1244699,622349.5,590263399.26,590263399.26,0.0,0,35.39820616659041,69.96727471404998
Tamil Nadu,VILUPPURAM,189708762.13,6863962.0,2617022,1308511.0,188400251.13,188400251.13,0.0,1,32.639774329644936,76.72794344145767
Tamil Nadu,VIRUDUNAGAR,259143534.0,2252764.0,1452082,726041.0,258417493.0,258417493.0,0.0,2,15.173094950552732,88.53699057071316
Tripura,DHALAI,1434726.0,597512.0,748683,374341.5,1060384.5,1060384.5,0.0,0,21.065779923992714,69.95316744259438
Tripura,GOMATI,327963.0,110348.0,526790,263395.0,64568.0,64568.0,0.0,0,11.745623039393355,84.88294334511193
Tripura,KHOWAI,218121.0,79598.0,2191738,1095869.0,-877748.0,0.0,877748.0,1,35.66747979050295,78.03060865163575
Tripura,NORTH TRIPURA,1920088.0,758314.0,948345,474172.5,1445915.5,1445915.5,0.0,0,25.57906439907552,86.00655001525683
Tripura,SIPAHIJALA,462326.0,150808.0,1249074,624537.0,-162211.0,0.0,162211.0,0,14.630641359600418,69.32651898056287
Tripura,SOUTH TRIPURA,3913936.0,1339952.0,2379490,1189745.0,2724191.0,2724191.0,0.0,1,27.479319847769844,93.27456737841891
Tripura,UNOKOTI,173022.0,59784.0,1290141,645070.5,-472048.5,0.0,472048.5,2,25.92571897327898,96.2311801061445
Tripura,WEST TRIPURA,4072735.0,1545293.0,1954908,977454.0,3095281.0,3095281.0,0.0,2,18.386718822952375,96.09745780328505
Uttar Pradesh,AGRA,33669079.1,7088628.0,2753694,1376847.0,32292232.1,32292232.1,0.0,1,11.293170173789242,89.73990312054482
Uttar Pradesh,ALIGARH,36795821.0,8625128.0,805062,402531.0,36393290.0,36393290.0,0.0,0,27.47562267219119,71.77250096378833
Uttar Pradesh,ALLAHABAD,22513315.0,9274343.0,2112162,1056081.0,21457234.0,21457234.0,0.0,2,23.088923326210008,89.98963268194166
Uttar Pradesh,AMBEDKAR NAGAR,22991270.3,4756728.0,2050284,1025142.0,21966128.3,21966128.3,0.0,2,30.39723336033354,68.71302057730524
Uttar Pradesh,AMETHI,3605891.0,1316624.0,1366651,683325.5,2922565.5,2922565.5,0.0,2,23.084741532247808,68.64158299434092
Uttar Pradesh,AMROHA,89645481.0,3809711.0,1610205,805102.5,88840378.5,88840378.5,0.0,2,32.71326350923766,77.3846963553367
Uttar Pradesh,AURAIYA,12869121.0,3976743.0,1255195,627597.5,12241523.5,12241523.5,0.0,0,24.00529832446008,82.1706525217353
Uttar Pradesh,AZAMGARH,38710078.0,9289167.0,2887312,1443656.0,37266422.0,37266422.0,0.0,1,24.267201174526203,90.341815116426
Uttar Pradesh,BAGHPAT,88610970.1,2408385.0,2368599,1184299.5,87426670.6,87426670.6,0.0,1,33.422954477092006,87.81556592158864
Uttar Pradesh,BAHRAICH,37045089.0,8613306.0,713920,356960.0,36688129.0,36688129.0,0.0,0,19.701003120159513,80.93117848492571
Uttar Pradesh,BALLIA,20700696.1,6281027.0,1925541,962770.5,19737925.6,19737925.6,0.0,2,11.886441625068581,75.93517332216831
Uttar Pradesh,BALRAMPUR,48742677.0,5327257.0,2009433,1004716.5,47737960.5,47737960.5,0.0,2,8.83469761308683,96.91661050457363
Uttar Pradesh,BANDA,8880002.0,7501982.0,2371403,1185701.5,7694300.5,7694300.5,0.0,1,29.89898041453495,80.35925776484322
Uttar Pradesh,BARABANKI,35046928.0,7715426.0,2053068,1026534.0,34020394.0,34020394.0,0.0,2,25.988976989250475,81.09022370556059
Uttar Pradesh,BAREILLY,102065965.0,9154849.0,1153983,576991.5,101488973.5,101488973.5,0.0,0,28.418313274877484,72.74509081455841
Uttar Pradesh,BASTI,44013518.0,5363800.0,1964492,982246.0,43031272.0,43031272.0,0.0,2,14.175960683758412,91.04947691374795
Uttar Pradesh,BIJNOR,240569068.0,7258725.0,1321052,660526.0,239908542.0,239908542.0,0.0,2,11.954772792016323,88.11678454766317
Uttar Pradesh,BUDAUN,59104456.0,11530739.0,2307150,1153575.0,57950881.0,57950881.0,0.0,1,8.421795304368576,74.40231877087405
Uttar Pradesh,BULANDSHAHR,76359869.1,7665952.0,2725300,1362650.0,74997219.1,74997219.1,0.0,1,18.167039205391312,70.38905032285943
Uttar Pradesh,CHANDAULI,10140958.0,4078838.0,2355567,1177783.5,8963174.5,8963174.5,0.0,1,25.10761291878436,87.73447976016668
Uttar Pradesh,CHITRAKOOT,3885562.1,3177419.0,2034837,1017418.5,2868143.6,2868143.6,0.0,2,19.375077307892237,86.98082521415293
Uttar Pradesh,DEORIA,24272237.2,5828069.0,1231899,615949.5,23656287.7,23656287.7,0.0,0,20.68677273868814,75.92452628294807
Uttar Pradesh,ETAH,27978580.0,7747879.0,2881028,1440514.0,26538066.0,26538066.0,0.0,1,34.220602140318704,95.5750433052619
Uttar Pradesh,ETAWAH,15126836.1,4233509.0,759747,379873.5,14746962.6,14746962.6,0.0,0,18.099408543675708,72.3806788616461
Uttar Pradesh,FAIZABAD,28502702.0,4441235.0,1115650,557825.0,27944877.0,27944877.0,0.0,0,22.905695185634514,80.53770923023545
Uttar Pradesh,FARRUKHABAD,30285488.0,3801173.0,923570,461785.0,29823703.0,29823703.0,0.0,0,30.72593736949315,95.36486168486037
Uttar Pradesh,FATEHPUR,23607848.0,7176822.0,2873139,1436569.5,22171278.5,22171278.5,0.0,1,19.499740687316834,80.17209219085754
Uttar Pradesh,FIROZABAD,26812055.0,4668876.0,1527512,763756.0,26048299.0,26048299.0,0.0,2,26.04051430660833,86.51725248225848
Uttar Pradesh,GAUTAM BUDDHA NAGAR,8389024.1,1848593.0,1358158,679079.0,7709945.1,7709945.1,0.0,2,33.00854755365561,79.53023754092104
Uttar Pradesh,GHAZIABAD,66825459.1,2907502.0,2614792,1307396.0,65518063.1,65518063.1,0.0,1,35.53609808607162,75.95224086811143
Uttar Pradesh,GHAZIPUR,23819030.1,7194875.0,552528,276264.0,23542766.1,23542766.1,0.0,0,12.2651309469421,96.53535179083502
Uttar Pradesh,GONDA,65803063.1,8263852.0,2373421,1186710.5,64616352.6,64616352.6,0.0,1,34.871041129683334,79.87068618313624
Uttar Pradesh,GORAKHPUR,20486667.1,7020489.0,2856366,1428183.0,19058484.1,19058484.1,0.0,1,22.271372499306608,93.9288769066949
Uttar Pradesh,HAMIRPUR,9243776.2,6080611.0,2387646,1193823.0,8049953.199999999,8049953.199999999,0.0,1,15.489087260669791,74.6686835708415
Uttar Pradesh,HAPUR,8437987.0,335026.0,1917077,958538.5,7479448.5,7479448.5,0.0,2,21.314936930909578,74.18003641672742
Uttar Pradesh,HARDOI,57243379.0,11868401.0,2272802,1136401.0,56106978.0,56106978.0,0.0,1,36.42094468327883,68.90288840365083
Uttar Pradesh,HATHRAS,21343146.0,3660545.0,2752728,1376364.0,19966782.0,19966782.0,0.0,1,22.28592472579322,86.89833793590067
Uttar Pradesh,JALAUN,12463594.1,6893356.0,1424618,712309.0,11751285.1,11751285.1,0.0,2,17.53379669833774,78.68726396798907
Uttar Pradesh,JAUNPUR,30758890.0,8279990.0,1428479,714239.5,30044650.5,30044650.5,0.0,2,26.368624775185047,93.06638924534947
Uttar Pradesh,JHANSI,9948895.1,7769823.0,1559599,779799.5,9169095.6,9169095.6,0.0,2,14.964222944567599,81.72308729405516
Uttar Pradesh,KANNAUJ,23970899.1,3821427.0,2985195,1492597.5,22478301.6,22478301.6,0.0,1,10.200036515151254,96.07760940952693
Uttar Pradesh,KANPUR DEHAT,12082584.0,3990756.0,1834679,917339.5,11165244.5,11165244.5,0.0,2,11.737511935408827,73.38023995539051
Uttar Pradesh,KANPUR NAGAR,20511254.0,6083983.0,566203,283101.5,20228152.5,20228152.5,0.0,0,11.713329329775402,93.19007187071271
Uttar Pradesh,KASGANJ,7029515.0,1365793.0,660775,330387.5,6699127.5,6699127.5,0.0,0,12.405178111856536,90.52130873096051
Uttar Pradesh,KAUSHAMBI,8372142.0,2970234.0,2063299,1031649.5,7340492.5,7340492.5,0.0,2,12.025988006832893,90.35673349467751
Uttar Pradesh,KUSHINAGAR,81553182.0,5917558.0,2961319,1480659.5,80072522.5,80072522.5,0.0,1,26.585367599293225,92.49871361538975
Uttar Pradesh,LAKHIMPUR KHERI,244973686.0,12673591.0,1844027,922013.5,244051672.5,244051672.5,0.0,2,13.274522447575201,90.06969573734696
Uttar Pradesh,LALITPUR,9014879.0,7175025.0,1291267,645633.5,8369245.5,8369245.5,0.0,2,18.024351216392034,86.16038932731105
Uttar Pradesh,LUCKNOW,8116309.0,3161840.0,997562,498781.0,7617528.0,7617528.0,0.0,0,34.00686388727434,71.80610145278924
Uttar Pradesh,MAHARAJGANJ,34391935.1,6296626.0,883934,441967.0,33949968.1,33949968.1,0.0,0,21.744887567623298,68.9432592052463
Uttar Pradesh,MAHOBA,5181099.0,4692889.0,2504168,1252084.0,3929015.0,3929015.0,0.0,1,27.359174417109788,94.70458758665492
Uttar Pradesh,MAINPURI,19959536.0,5636497.0,817428,408714.0,19550822.0,19550822.0,0.0,0,12.997276264847265,85.8828591211014
Uttar Pradesh,MATHURA,27296570.1,6607280.0,1867763,933881.5,26362688.6,26362688.6,0.0,2,13.576381545451452,91.09958143830912
Uttar Pradesh,MAU,14368034.1,3588741.0,1542892,771446.0,13596588.1,13596588.1,0.0,2,9.185189871727887,81.96414819386395
Uttar Pradesh,MEERUT,161015027.1,4421839.0,1190907,595453.5,160419573.6,160419573.6,0.0,0,12.899116829092772,71.40193747990944
Uttar Pradesh,MIRZAPUR,11246626.0,5125247.0,2432015,1216007.5,10030618.5,10030618.5,0.0,1,16.0791198319268,71.63038797387397
Uttar Pradesh,MORADABAD,86227783.1,8073051.0,2679996,1339998.0,84887785.1,84887785.1,0.0,1,13.133304044025657,87.88139332964016
Uttar Pradesh,MUZAFFARNAGAR,268993239.3,6954730.0,2100396,1050198.0,267943041.3,267943041.3,0.0,2,10.572373478954614,80.47887095208442
Uttar Pradesh,PILIBHIT,78968255.1,7050738.0,622402,311201.0,78657054.1,78657054.1,0.0,0,11.498440261917423,73.81521707430977
Uttar Pradesh,PRATAPGARH,14024958.0,5555555.0,1666588,833294.0,13191664.0,13191664.0,0.0,2,21.362584272949046,82.25624185550167
Uttar Pradesh,RAE BARELI,17842834.0,6977602.0,938661,469330.5,17373503.5,17373503.5,0.0,0,13.983677833767983,69.86205917517889
Uttar Pradesh,RAMPUR,39378856.0,5936019.0,2996081,1498040.5,37880815.5,37880815.5,0.0,1,18.563825970394188,84.87717065551756
Uttar Pradesh,SAHARANPUR,153263837.2,6132625.0,1073695,536847.5,152726989.7,152726989.7,0.0,0,22.599100854790848,75.80080872861784
Uttar Pradesh,SAMBHAL,7964294.0,981498.0,963556,481778.0,7482516.0,7482516.0,0.0,0,28.021450030251593,91.12921391847846
Uttar Pradesh,SANT KABIR NAGAR,12192351.0,3548504.0,1075278,537639.0,11654712.0,11654712.0,0.0,0,9.14005205539187,77.00049680878364
Uttar Pradesh,SANT RAVI DAS NAGAR,4869220.0,1693982.0,1493176,746588.0,4122632.0,4122632.0,0.0,2,31.182901568362237,81.20138432337224
Uttar Pradesh,SHAHJAHANPUR,74561329.0,10478318.0,1678049,839024.5,73722304.5,73722304.5,0.0,2,26.209111295236326,68.33699565733492
Uttar Pradesh,SHAMLI,15420863.0,413468.0,978007,489003.5,14931859.5,14931859.5,0.0,0,10.371011926517285,70.10095974604221
Uttar Pradesh,SHRAVASTI,10416605.0,3531448.0,1774732,887366.0,9529239.0,9529239.0,0.0,2,33.33378009909654,79.38231313579386
Uttar Pradesh,SIDDHARTH NAGAR,17336164.2,6184046.0,1025303,512651.5,16823512.7,16823512.7,0.0,0,34.70529961542258,81.91822620679659
Uttar Pradesh,SITAPUR,134864863.1,10920147.0,2590784,1295392.0,133569471.1,133569471.1,0.0,1,9.771260835791049,85.40059589545982
Uttar Pradesh,SONBHADRA,5242169.1,3769418.0,1610389,805194.5,4436974.6,4436974.6,0.0,2,16.02945179626891,76.4582147825698
Uttar Pradesh,SULTANPUR,25593305.0,6814196.0,527712,263856.0,25329449.0,25329449.0,0.0,0,31.37983711399878,88.15447469766974
Uttar Pradesh,UNNAO,19654381.0,7994763.0,612816,306408.0,19347973.0,19347973.0,0.0,0,29.69953102112609,92.94354951848693
Uttar Pradesh,VARANASI,11279606.1,2856793.0,2135156,1067578.0,10212028.1,10212028.1,0.0,2,13.351109561334942,90.61567867790714
Uttarakhand,ALMORA,2411733.0,2086744.0,2883129,1441564.5,970168.5,970168.5,0.0,1,14.071130376764598,69.14894593510236
Uttarakhand,BAGESHWAR,960291.0,716592.0,635230,317615.0,642676.0,642676.0,0.0,0,18.743690980950078,81.93470147047704
Uttarakhand,CHAMOLI,2086399.0,842487.0,2266616,1133308.0,953091.0,953091.0,0.0,1,22.051166570539618,71.04297517412706
Uttarakhand,CHAMPAWAT,844350.0,554071.0,1306741,653370.5,190979.5,190979.5,0.0,2,25.929388374378583,75.0193054600133
Uttarakhand,DEHRADUN,13621254.0,1142182.0,769114,384557.0,13236697.0,13236697.0,0.0,0,18.6984955475234,96.61321520474725
Uttarakhand,GARHWAL,2148435.0,1879471.0,1883194,941597.0,1206838.0,1206838.0,0.0,2,21.41350676786129,72.13237074414388
Uttarakhand,HARDWAR,58118538.0,2043372.0,2381548,1190774.0,56927764.0,56927764.0,0.0,1,29.67665720587894,82.46775645008933
Uttarakhand,NAINITAL,6939458.0,1096991.0,651456,325728.0,6613730.0,6613730.0,0.0,0,9.063812883827339,85.92651629522545
Uttarakhand,PITHORAGARH,1801202.0,1302268.0,770846,385423.0,1415779.0,1415779.0,0.0,0,15.320671385976603,88.37148414577902
Uttarakhand,RUDRAPRAYAG,764377.0,539825.0,500404,250202.0,514175.0,514175.0,0.0,0,28.68713799065202,84.2298118211205
Uttarakhand,TEHRI GARHWAL,2116961.0,1496224.0,1203286,601643.0,1515318.0,1515318.0,0.0,0,33.96099829292878,68.28335457515632
Uttarakhand,UDHAM SINGH NAGAR,38898761.0,4353863.0,2495269,1247634.5,37651126.5,37651126.5,0.0,1,22.83864582135432,77.46737793907576
Uttarakhand,UTTARKASHI,1465596.0,739089.0,1823483,911741.5,553854.5,553854.5,0.0,2,23.431291072694155,83.01363765815663
West Bengal,BANKURA,39441276.9,11385191.0,2222320,1111160.0,38330116.9,38330116.9,0.0,1,11.107988328853505,70.54812847520017
West Bengal,BARDDHAMAN,113754624.6,18322752.0,1215460,607730.0,113146894.6,113146894.6,0.0,0,20.974958637880185,78.16818100506624
West Bengal,BIRBHUM,55352931.0,11740840.0,2832517,1416258.5,53936672.5,53936672.5,0.0,1,23.44590072719567,68.96289015494963
West Bengal,DAKSHIN DINAJPUR,19997327.6,6484029.0,842786,421393.0,19575934.6,19575934.6,0.0,0,15.031644605407159,70.2787764174956
West Bengal,DARJILING,10482482.7,1721005.87,1310006,655003.0,9827479.7,9827479.7,0.0,2,15.80805369753205,79.51077500984628
West Bengal,HAORA,70468581.7,3018694.0,2358532,1179266.0,69289315.7,69289315.7,0.0,1,18.941240730034057,71.84875686724875
West Bengal,HUGLI,97688295.4,11550427.0,2797396,1398698.0,96289597.4,96289597.4,0.0,1,8.582064735554065,84.45868459958518
West Bengal,JALPAIGURI,52366402.4,8508238.0,2345924,1172962.0,51193440.4,51193440.4,0.0,1,17.34029580191217,87.9944841049807
West Bengal,KOCH BIHAR,57430915.0,10210287.0,1553385,776692.5,56654222.5,56654222.5,0.0,2,14.131992202899795,91.2170142741634
West Bengal,MALDAH,38843560.4,11554035.0,663273,331636.5,38511923.9,38511923.9,0.0,0,17.497423213159525,73.80435708309949
West Bengal,MURSHIDABAD,202370292.5,24235149.0,1693104,846552.0,201523740.5,201523740.5,0.0,2,11.473101822758284,72.85699488551302
West Bengal,NADIA,92373941.8,23726486.0,1998189,999094.5,91374847.3,91374847.3,0.0,2,33.82529114145696,71.03246736969761
West Bengal,NORTH 24 PARGANAS,161685857.8,12478029.0,1587341,793670.5,160892187.3,160892187.3,0.0,2,25.21418115306741,86.45647723676547
West Bengal,PASHCHIM MEDINIPUR,106968790.1,20694336.0,2500896,1250448.0,105718342.1,105718342.1,0.0,1,27.6939672551902,88.48779606812013
West Bengal,PURBA MEDINIPUR,114368304.2,11869145.0,1864652,932326.0,113435978.2,113435978.2,0.0,2,30.88596591961281,68.91599819994362
West Bengal,PURULIYA,14012077.5,6388877.0,1343523,671761.5,13340316.0,13340316.0,0.0,2,22.45482376894266,95.150155141067
West Bengal,SOUTH 24 PARGANAS,114320886.5,9307672.0,1046237,523118.5,113797768.0,113797768.0,0.0,0,10.520688354535288,69.5071672258927
West Bengal,UTTAR DINAJPUR,35977841.6,12210055.0,1749728,874864.0,35102977.6,35102977.6,0.0,2,23.576089712737886,83.69759372373105
